date,FEDFUNDS,SOFR,DPRIME,MORTGAGE30US,MORTGAGE15US
2010-01-01,0.11,,,,
2010-01-04,,,3.25,,
2010-01-05,,,3.25,,
2010-01-06,,,3.25,,
2010-01-07,,,3.25,5.09,4.5
2010-01-08,,,3.25,,
2010-01-11,,,3.25,,
2010-01-12,,,3.25,,
2010-01-13,,,3.25,,
2010-01-14,,,3.25,5.06,4.45
2010-01-15,,,3.25,,
2010-01-19,,,3.25,,
2010-01-20,,,3.25,,
2010-01-21,,,3.25,4.99,4.4
2010-01-22,,,3.25,,
2010-01-25,,,3.25,,
2010-01-26,,,3.25,,
2010-01-27,,,3.25,,
2010-01-28,,,3.25,4.98,4.39
2010-01-29,,,3.25,,
2010-02-01,0.13,,3.25,,
2010-02-02,,,3.25,,
2010-02-03,,,3.25,,
2010-02-04,,,3.25,5.01,4.4
2010-02-05,,,3.25,,
2010-02-08,,,3.25,,
2010-02-09,,,3.25,,
2010-02-10,,,3.25,,
2010-02-11,,,3.25,4.97,4.34
2010-02-12,,,3.25,,
2010-02-16,,,3.25,,
2010-02-17,,,3.25,,
2010-02-18,,,3.25,4.93,4.33
2010-02-19,,,3.25,,
2010-02-22,,,3.25,,
2010-02-23,,,3.25,,
2010-02-24,,,3.25,,
2010-02-25,,,3.25,5.05,4.4
2010-02-26,,,3.25,,
2010-03-01,0.16,,3.25,,
2010-03-02,,,3.25,,
2010-03-03,,,3.25,,
2010-03-04,,,3.25,4.97,4.33
2010-03-05,,,3.25,,
2010-03-08,,,3.25,,
2010-03-09,,,3.25,,
2010-03-10,,,3.25,,
2010-03-11,,,3.25,4.95,4.32
2010-03-12,,,3.25,,
2010-03-15,,,3.25,,
2010-03-16,,,3.25,,
2010-03-17,,,3.25,,
2010-03-18,,,3.25,4.96,4.33
2010-03-19,,,3.25,,
2010-03-22,,,3.25,,
2010-03-23,,,3.25,,
2010-03-24,,,3.25,,
2010-03-25,,,3.25,4.99,4.34
2010-03-26,,,3.25,,
2010-03-29,,,3.25,,
2010-03-30,,,3.25,,
2010-03-31,,,3.25,,
2010-04-01,0.2,,3.25,5.08,4.39
2010-04-02,,,3.25,,
2010-04-05,,,3.25,,
2010-04-06,,,3.25,,
2010-04-07,,,3.25,,
2010-04-08,,,3.25,5.21,4.52
2010-04-09,,,3.25,,
2010-04-12,,,3.25,,
2010-04-13,,,3.25,,
2010-04-14,,,3.25,,
2010-04-15,,,3.25,5.07,4.4
2010-04-16,,,3.25,,
2010-04-19,,,3.25,,
2010-04-20,,,3.25,,
2010-04-21,,,3.25,,
2010-04-22,,,3.25,5.07,4.39
2010-04-23,,,3.25,,
2010-04-26,,,3.25,,
2010-04-27,,,3.25,,
2010-04-28,,,3.25,,
2010-04-29,,,3.25,5.06,4.39
2010-04-30,,,3.25,,
2010-05-01,0.2,,,,
2010-05-03,,,3.25,,
2010-05-04,,,3.25,,
2010-05-05,,,3.25,,
2010-05-06,,,3.25,5.0,4.36
2010-05-07,,,3.25,,
2010-05-10,,,3.25,,
2010-05-11,,,3.25,,
2010-05-12,,,3.25,,
2010-05-13,,,3.25,4.93,4.3
2010-05-14,,,3.25,,
2010-05-17,,,3.25,,
2010-05-18,,,3.25,,
2010-05-19,,,3.25,,
2010-05-20,,,3.25,4.84,4.24
2010-05-21,,,3.25,,
2010-05-24,,,3.25,,
2010-05-25,,,3.25,,
2010-05-26,,,3.25,,
2010-05-27,,,3.25,4.78,4.21
2010-05-28,,,3.25,,
2010-06-01,0.18,,3.25,,
2010-06-02,,,3.25,,
2010-06-03,,,3.25,4.79,4.2
2010-06-04,,,3.25,,
2010-06-07,,,3.25,,
2010-06-08,,,3.25,,
2010-06-09,,,3.25,,
2010-06-10,,,3.25,4.72,4.17
2010-06-11,,,3.25,,
2010-06-14,,,3.25,,
2010-06-15,,,3.25,,
2010-06-16,,,3.25,,
2010-06-17,,,3.25,4.75,4.2
2010-06-18,,,3.25,,
2010-06-21,,,3.25,,
2010-06-22,,,3.25,,
2010-06-23,,,3.25,,
2010-06-24,,,3.25,4.69,4.13
2010-06-25,,,3.25,,
2010-06-28,,,3.25,,
2010-06-29,,,3.25,,
2010-06-30,,,3.25,,
2010-07-01,0.18,,3.25,4.58,4.04
2010-07-02,,,3.25,,
2010-07-06,,,3.25,,
2010-07-07,,,3.25,,
2010-07-08,,,3.25,4.57,4.07
2010-07-09,,,3.25,,
2010-07-12,,,3.25,,
2010-07-13,,,3.25,,
2010-07-14,,,3.25,,
2010-07-15,,,3.25,4.57,4.06
2010-07-16,,,3.25,,
2010-07-19,,,3.25,,
2010-07-20,,,3.25,,
2010-07-21,,,3.25,,
2010-07-22,,,3.25,4.56,4.03
2010-07-23,,,3.25,,
2010-07-26,,,3.25,,
2010-07-27,,,3.25,,
2010-07-28,,,3.25,,
2010-07-29,,,3.25,4.54,4.0
2010-07-30,,,3.25,,
2010-08-01,0.19,,,,
2010-08-02,,,3.25,,
2010-08-03,,,3.25,,
2010-08-04,,,3.25,,
2010-08-05,,,3.25,4.49,3.95
2010-08-06,,,3.25,,
2010-08-09,,,3.25,,
2010-08-10,,,3.25,,
2010-08-11,,,3.25,,
2010-08-12,,,3.25,4.44,3.92
2010-08-13,,,3.25,,
2010-08-16,,,3.25,,
2010-08-17,,,3.25,,
2010-08-18,,,3.25,,
2010-08-19,,,3.25,4.42,3.9
2010-08-20,,,3.25,,
2010-08-23,,,3.25,,
2010-08-24,,,3.25,,
2010-08-25,,,3.25,,
2010-08-26,,,3.25,4.36,3.86
2010-08-27,,,3.25,,
2010-08-30,,,3.25,,
2010-08-31,,,3.25,,
2010-09-01,0.19,,3.25,,
2010-09-02,,,3.25,4.32,3.83
2010-09-03,,,3.25,,
2010-09-07,,,3.25,,
2010-09-08,,,3.25,,
2010-09-09,,,3.25,4.35,3.83
2010-09-10,,,3.25,,
2010-09-13,,,3.25,,
2010-09-14,,,3.25,,
2010-09-15,,,3.25,,
2010-09-16,,,3.25,4.37,3.82
2010-09-17,,,3.25,,
2010-09-20,,,3.25,,
2010-09-21,,,3.25,,
2010-09-22,,,3.25,,
2010-09-23,,,3.25,4.37,3.82
2010-09-24,,,3.25,,
2010-09-27,,,3.25,,
2010-09-28,,,3.25,,
2010-09-29,,,3.25,,
2010-09-30,,,3.25,4.32,3.75
2010-10-01,0.19,,3.25,,
2010-10-04,,,3.25,,
2010-10-05,,,3.25,,
2010-10-06,,,3.25,,
2010-10-07,,,3.25,4.27,3.72
2010-10-08,,,3.25,,
2010-10-12,,,3.25,,
2010-10-13,,,3.25,,
2010-10-14,,,3.25,4.19,3.62
2010-10-15,,,3.25,,
2010-10-18,,,3.25,,
2010-10-19,,,3.25,,
2010-10-20,,,3.25,,
2010-10-21,,,3.25,4.21,3.64
2010-10-22,,,3.25,,
2010-10-25,,,3.25,,
2010-10-26,,,3.25,,
2010-10-27,,,3.25,,
2010-10-28,,,3.25,4.23,3.66
2010-10-29,,,3.25,,
2010-11-01,0.19,,3.25,,
2010-11-02,,,3.25,,
2010-11-03,,,3.25,,
2010-11-04,,,3.25,4.24,3.63
2010-11-05,,,3.25,,
2010-11-08,,,3.25,,
2010-11-09,,,3.25,,
2010-11-10,,,3.25,,
2010-11-11,,,,4.17,3.57
2010-11-12,,,3.25,,
2010-11-15,,,3.25,,
2010-11-16,,,3.25,,
2010-11-17,,,3.25,,
2010-11-18,,,3.25,4.39,3.76
2010-11-19,,,3.25,,
2010-11-22,,,3.25,,
2010-11-23,,,3.25,,
2010-11-24,,,3.25,4.4,3.77
2010-11-26,,,3.25,,
2010-11-29,,,3.25,,
2010-11-30,,,3.25,,
2010-12-01,0.18,,3.25,,
2010-12-02,,,3.25,4.46,3.81
2010-12-03,,,3.25,,
2010-12-06,,,3.25,,
2010-12-07,,,3.25,,
2010-12-08,,,3.25,,
2010-12-09,,,3.25,4.61,3.96
2010-12-10,,,3.25,,
2010-12-13,,,3.25,,
2010-12-14,,,3.25,,
2010-12-15,,,3.25,,
2010-12-16,,,3.25,4.83,4.17
2010-12-17,,,3.25,,
2010-12-20,,,3.25,,
2010-12-21,,,3.25,,
2010-12-22,,,3.25,,
2010-12-23,,,3.25,4.81,4.15
2010-12-24,,,3.25,,
2010-12-27,,,3.25,,
2010-12-28,,,3.25,,
2010-12-29,,,3.25,,
2010-12-30,,,3.25,4.86,4.2
2010-12-31,,,3.25,,
2011-01-01,0.17,,,,
2011-01-03,,,3.25,,
2011-01-04,,,3.25,,
2011-01-05,,,3.25,,
2011-01-06,,,3.25,4.77,4.13
2011-01-07,,,3.25,,
2011-01-10,,,3.25,,
2011-01-11,,,3.25,,
2011-01-12,,,3.25,,
2011-01-13,,,3.25,4.71,4.08
2011-01-14,,,3.25,,
2011-01-18,,,3.25,,
2011-01-19,,,3.25,,
2011-01-20,,,3.25,4.74,4.05
2011-01-21,,,3.25,,
2011-01-24,,,3.25,,
2011-01-25,,,3.25,,
2011-01-26,,,3.25,,
2011-01-27,,,3.25,4.8,4.09
2011-01-28,,,3.25,,
2011-01-31,,,3.25,,
2011-02-01,0.16,,3.25,,
2011-02-02,,,3.25,,
2011-02-03,,,3.25,4.81,4.08
2011-02-04,,,3.25,,
2011-02-07,,,3.25,,
2011-02-08,,,3.25,,
2011-02-09,,,3.25,,
2011-02-10,,,3.25,5.05,4.29
2011-02-11,,,3.25,,
2011-02-14,,,3.25,,
2011-02-15,,,3.25,,
2011-02-16,,,3.25,,
2011-02-17,,,3.25,5.0,4.27
2011-02-18,,,3.25,,
2011-02-22,,,3.25,,
2011-02-23,,,3.25,,
2011-02-24,,,3.25,4.95,4.22
2011-02-25,,,3.25,,
2011-02-28,,,3.25,,
2011-03-01,0.14,,3.25,,
2011-03-02,,,3.25,,
2011-03-03,,,3.25,4.87,4.15
2011-03-04,,,3.25,,
2011-03-07,,,3.25,,
2011-03-08,,,3.25,,
2011-03-09,,,3.25,,
2011-03-10,,,3.25,4.88,4.15
2011-03-11,,,3.25,,
2011-03-14,,,3.25,,
2011-03-15,,,3.25,,
2011-03-16,,,3.25,,
2011-03-17,,,3.25,4.76,3.97
2011-03-18,,,3.25,,
2011-03-21,,,3.25,,
2011-03-22,,,3.25,,
2011-03-23,,,3.25,,
2011-03-24,,,3.25,4.81,4.04
2011-03-25,,,3.25,,
2011-03-28,,,3.25,,
2011-03-29,,,3.25,,
2011-03-30,,,3.25,,
2011-03-31,,,3.25,4.86,4.09
2011-04-01,0.1,,3.25,,
2011-04-04,,,3.25,,
2011-04-05,,,3.25,,
2011-04-06,,,3.25,,
2011-04-07,,,3.25,4.87,4.1
2011-04-08,,,3.25,,
2011-04-11,,,3.25,,
2011-04-12,,,3.25,,
2011-04-13,,,3.25,,
2011-04-14,,,3.25,4.91,4.13
2011-04-15,,,3.25,,
2011-04-18,,,3.25,,
2011-04-19,,,3.25,,
2011-04-20,,,3.25,,
2011-04-21,,,3.25,4.8,4.02
2011-04-22,,,3.25,,
2011-04-25,,,3.25,,
2011-04-26,,,3.25,,
2011-04-27,,,3.25,,
2011-04-28,,,3.25,4.78,3.97
2011-04-29,,,3.25,,
2011-05-01,0.09,,,,
2011-05-02,,,3.25,,
2011-05-03,,,3.25,,
2011-05-04,,,3.25,,
2011-05-05,,,3.25,4.71,3.89
2011-05-06,,,3.25,,
2011-05-09,,,3.25,,
2011-05-10,,,3.25,,
2011-05-11,,,3.25,,
2011-05-12,,,3.25,4.63,3.82
2011-05-13,,,3.25,,
2011-05-16,,,3.25,,
2011-05-17,,,3.25,,
2011-05-18,,,3.25,,
2011-05-19,,,3.25,4.61,3.8
2011-05-20,,,3.25,,
2011-05-23,,,3.25,,
2011-05-24,,,3.25,,
2011-05-25,,,3.25,,
2011-05-26,,,3.25,4.6,3.78
2011-05-27,,,3.25,,
2011-05-31,,,3.25,,
2011-06-01,0.09,,3.25,,
2011-06-02,,,3.25,4.55,3.74
2011-06-03,,,3.25,,
2011-06-06,,,3.25,,
2011-06-07,,,3.25,,
2011-06-08,,,3.25,,
2011-06-09,,,3.25,4.49,3.68
2011-06-10,,,3.25,,
2011-06-13,,,3.25,,
2011-06-14,,,3.25,,
2011-06-15,,,3.25,,
2011-06-16,,,3.25,4.5,3.67
2011-06-17,,,3.25,,
2011-06-20,,,3.25,,
2011-06-21,,,3.25,,
2011-06-22,,,3.25,,
2011-06-23,,,3.25,4.5,3.69
2011-06-24,,,3.25,,
2011-06-27,,,3.25,,
2011-06-28,,,3.25,,
2011-06-29,,,3.25,,
2011-06-30,,,3.25,4.51,3.69
2011-07-01,0.07,,3.25,,
2011-07-05,,,3.25,,
2011-07-06,,,3.25,,
2011-07-07,,,3.25,4.6,3.75
2011-07-08,,,3.25,,
2011-07-11,,,3.25,,
2011-07-12,,,3.25,,
2011-07-13,,,3.25,,
2011-07-14,,,3.25,4.51,3.65
2011-07-15,,,3.25,,
2011-07-18,,,3.25,,
2011-07-19,,,3.25,,
2011-07-20,,,3.25,,
2011-07-21,,,3.25,4.52,3.66
2011-07-22,,,3.25,,
2011-07-25,,,3.25,,
2011-07-26,,,3.25,,
2011-07-27,,,3.25,,
2011-07-28,,,3.25,4.55,3.66
2011-07-29,,,3.25,,
2011-08-01,0.1,,3.25,,
2011-08-02,,,3.25,,
2011-08-03,,,3.25,,
2011-08-04,,,3.25,4.39,3.54
2011-08-05,,,3.25,,
2011-08-08,,,3.25,,
2011-08-09,,,3.25,,
2011-08-10,,,3.25,,
2011-08-11,,,3.25,4.32,3.5
2011-08-12,,,3.25,,
2011-08-15,,,3.25,,
2011-08-16,,,3.25,,
2011-08-17,,,3.25,,
2011-08-18,,,3.25,4.15,3.36
2011-08-19,,,3.25,,
2011-08-22,,,3.25,,
2011-08-23,,,3.25,,
2011-08-24,,,3.25,,
2011-08-25,,,3.25,4.22,3.44
2011-08-26,,,3.25,,
2011-08-29,,,3.25,,
2011-08-30,,,3.25,,
2011-08-31,,,3.25,,
2011-09-01,0.08,,3.25,4.22,3.39
2011-09-02,,,3.25,,
2011-09-06,,,3.25,,
2011-09-07,,,3.25,,
2011-09-08,,,3.25,4.12,3.33
2011-09-09,,,3.25,,
2011-09-12,,,3.25,,
2011-09-13,,,3.25,,
2011-09-14,,,3.25,,
2011-09-15,,,3.25,4.09,3.3
2011-09-16,,,3.25,,
2011-09-19,,,3.25,,
2011-09-20,,,3.25,,
2011-09-21,,,3.25,,
2011-09-22,,,3.25,4.09,3.29
2011-09-23,,,3.25,,
2011-09-26,,,3.25,,
2011-09-27,,,3.25,,
2011-09-28,,,3.25,,
2011-09-29,,,3.25,4.01,3.28
2011-09-30,,,3.25,,
2011-10-01,0.07,,,,
2011-10-03,,,3.25,,
2011-10-04,,,3.25,,
2011-10-05,,,3.25,,
2011-10-06,,,3.25,3.94,3.26
2011-10-07,,,3.25,,
2011-10-11,,,3.25,,
2011-10-12,,,3.25,,
2011-10-13,,,3.25,4.12,3.37
2011-10-14,,,3.25,,
2011-10-17,,,3.25,,
2011-10-18,,,3.25,,
2011-10-19,,,3.25,,
2011-10-20,,,3.25,4.11,3.38
2011-10-21,,,3.25,,
2011-10-24,,,3.25,,
2011-10-25,,,3.25,,
2011-10-26,,,3.25,,
2011-10-27,,,3.25,4.1,3.38
2011-10-28,,,3.25,,
2011-10-31,,,3.25,,
2011-11-01,0.08,,3.25,,
2011-11-02,,,3.25,,
2011-11-03,,,3.25,4.0,3.31
2011-11-04,,,3.25,,
2011-11-07,,,3.25,,
2011-11-08,,,3.25,,
2011-11-09,,,3.25,,
2011-11-10,,,3.25,3.99,3.3
2011-11-14,,,3.25,,
2011-11-15,,,3.25,,
2011-11-16,,,3.25,,
2011-11-17,,,3.25,4.0,3.31
2011-11-18,,,3.25,,
2011-11-21,,,3.25,,
2011-11-22,,,3.25,,
2011-11-23,,,3.25,3.98,3.3
2011-11-25,,,3.25,,
2011-11-28,,,3.25,,
2011-11-29,,,3.25,,
2011-11-30,,,3.25,,
2011-12-01,0.07,,3.25,4.0,3.3
2011-12-02,,,3.25,,
2011-12-05,,,3.25,,
2011-12-06,,,3.25,,
2011-12-07,,,3.25,,
2011-12-08,,,3.25,3.99,3.27
2011-12-09,,,3.25,,
2011-12-12,,,3.25,,
2011-12-13,,,3.25,,
2011-12-14,,,3.25,,
2011-12-15,,,3.25,3.94,3.21
2011-12-16,,,3.25,,
2011-12-19,,,3.25,,
2011-12-20,,,3.25,,
2011-12-21,,,3.25,,
2011-12-22,,,3.25,3.91,3.21
2011-12-23,,,3.25,,
2011-12-27,,,3.25,,
2011-12-28,,,3.25,,
2011-12-29,,,3.25,3.95,3.24
2011-12-30,,,3.25,,
2012-01-01,0.08,,,,
2012-01-03,,,3.25,,
2012-01-04,,,3.25,,
2012-01-05,,,3.25,3.91,3.23
2012-01-06,,,3.25,,
2012-01-09,,,3.25,,
2012-01-10,,,3.25,,
2012-01-11,,,3.25,,
2012-01-12,,,3.25,3.89,3.16
2012-01-13,,,3.25,,
2012-01-17,,,3.25,,
2012-01-18,,,3.25,,
2012-01-19,,,3.25,3.88,3.17
2012-01-20,,,3.25,,
2012-01-23,,,3.25,,
2012-01-24,,,3.25,,
2012-01-25,,,3.25,,
2012-01-26,,,3.25,3.98,3.24
2012-01-27,,,3.25,,
2012-01-30,,,3.25,,
2012-01-31,,,3.25,,
2012-02-01,0.1,,3.25,,
2012-02-02,,,3.25,3.87,3.14
2012-02-03,,,3.25,,
2012-02-06,,,3.25,,
2012-02-07,,,3.25,,
2012-02-08,,,3.25,,
2012-02-09,,,3.25,3.87,3.16
2012-02-10,,,3.25,,
2012-02-13,,,3.25,,
2012-02-14,,,3.25,,
2012-02-15,,,3.25,,
2012-02-16,,,3.25,3.87,3.16
2012-02-17,,,3.25,,
2012-02-21,,,3.25,,
2012-02-22,,,3.25,,
2012-02-23,,,3.25,3.95,3.19
2012-02-24,,,3.25,,
2012-02-27,,,3.25,,
2012-02-28,,,3.25,,
2012-02-29,,,3.25,,
2012-03-01,0.13,,3.25,3.9,3.17
2012-03-02,,,3.25,,
2012-03-05,,,3.25,,
2012-03-06,,,3.25,,
2012-03-07,,,3.25,,
2012-03-08,,,3.25,3.88,3.13
2012-03-09,,,3.25,,
2012-03-12,,,3.25,,
2012-03-13,,,3.25,,
2012-03-14,,,3.25,,
2012-03-15,,,3.25,3.92,3.16
2012-03-16,,,3.25,,
2012-03-19,,,3.25,,
2012-03-20,,,3.25,,
2012-03-21,,,3.25,,
2012-03-22,,,3.25,4.08,3.3
2012-03-23,,,3.25,,
2012-03-26,,,3.25,,
2012-03-27,,,3.25,,
2012-03-28,,,3.25,,
2012-03-29,,,3.25,3.99,3.23
2012-03-30,,,3.25,,
2012-04-01,0.14,,,,
2012-04-02,,,3.25,,
2012-04-03,,,3.25,,
2012-04-04,,,3.25,,
2012-04-05,,,3.25,3.98,3.21
2012-04-06,,,3.25,,
2012-04-09,,,3.25,,
2012-04-10,,,3.25,,
2012-04-11,,,3.25,,
2012-04-12,,,3.25,3.88,3.11
2012-04-13,,,3.25,,
2012-04-16,,,3.25,,
2012-04-17,,,3.25,,
2012-04-18,,,3.25,,
2012-04-19,,,3.25,3.9,3.13
2012-04-20,,,3.25,,
2012-04-23,,,3.25,,
2012-04-24,,,3.25,,
2012-04-25,,,3.25,,
2012-04-26,,,3.25,3.88,3.12
2012-04-27,,,3.25,,
2012-04-30,,,3.25,,
2012-05-01,0.16,,3.25,,
2012-05-02,,,3.25,,
2012-05-03,,,3.25,3.84,3.07
2012-05-04,,,3.25,,
2012-05-07,,,3.25,,
2012-05-08,,,3.25,,
2012-05-09,,,3.25,,
2012-05-10,,,3.25,3.83,3.05
2012-05-11,,,3.25,,
2012-05-14,,,3.25,,
2012-05-15,,,3.25,,
2012-05-16,,,3.25,,
2012-05-17,,,3.25,3.79,3.04
2012-05-18,,,3.25,,
2012-05-21,,,3.25,,
2012-05-22,,,3.25,,
2012-05-23,,,3.25,,
2012-05-24,,,3.25,3.78,3.04
2012-05-25,,,3.25,,
2012-05-29,,,3.25,,
2012-05-30,,,3.25,,
2012-05-31,,,3.25,3.75,2.97
2012-06-01,0.16,,3.25,,
2012-06-04,,,3.25,,
2012-06-05,,,3.25,,
2012-06-06,,,3.25,,
2012-06-07,,,3.25,3.67,2.94
2012-06-08,,,3.25,,
2012-06-11,,,3.25,,
2012-06-12,,,3.25,,
2012-06-13,,,3.25,,
2012-06-14,,,3.25,3.71,2.98
2012-06-15,,,3.25,,
2012-06-18,,,3.25,,
2012-06-19,,,3.25,,
2012-06-20,,,3.25,,
2012-06-21,,,3.25,3.66,2.95
2012-06-22,,,3.25,,
2012-06-25,,,3.25,,
2012-06-26,,,3.25,,
2012-06-27,,,3.25,,
2012-06-28,,,3.25,3.66,2.94
2012-06-29,,,3.25,,
2012-07-01,0.16,,,,
2012-07-02,,,3.25,,
2012-07-03,,,3.25,,
2012-07-05,,,3.25,3.62,2.89
2012-07-06,,,3.25,,
2012-07-09,,,3.25,,
2012-07-10,,,3.25,,
2012-07-11,,,3.25,,
2012-07-12,,,3.25,3.56,2.86
2012-07-13,,,3.25,,
2012-07-16,,,3.25,,
2012-07-17,,,3.25,,
2012-07-18,,,3.25,,
2012-07-19,,,3.25,3.53,2.83
2012-07-20,,,3.25,,
2012-07-23,,,3.25,,
2012-07-24,,,3.25,,
2012-07-25,,,3.25,,
2012-07-26,,,3.25,3.49,2.8
2012-07-27,,,3.25,,
2012-07-30,,,3.25,,
2012-07-31,,,3.25,,
2012-08-01,0.13,,3.25,,
2012-08-02,,,3.25,3.55,2.83
2012-08-03,,,3.25,,
2012-08-06,,,3.25,,
2012-08-07,,,3.25,,
2012-08-08,,,3.25,,
2012-08-09,,,3.25,3.59,2.84
2012-08-10,,,3.25,,
2012-08-13,,,3.25,,
2012-08-14,,,3.25,,
2012-08-15,,,3.25,,
2012-08-16,,,3.25,3.62,2.88
2012-08-17,,,3.25,,
2012-08-20,,,3.25,,
2012-08-21,,,3.25,,
2012-08-22,,,3.25,,
2012-08-23,,,3.25,3.66,2.89
2012-08-24,,,3.25,,
2012-08-27,,,3.25,,
2012-08-28,,,3.25,,
2012-08-29,,,3.25,,
2012-08-30,,,3.25,3.59,2.86
2012-08-31,,,3.25,,
2012-09-01,0.14,,,,
2012-09-04,,,3.25,,
2012-09-05,,,3.25,,
2012-09-06,,,3.25,3.55,2.86
2012-09-07,,,3.25,,
2012-09-10,,,3.25,,
2012-09-11,,,3.25,,
2012-09-12,,,3.25,,
2012-09-13,,,3.25,3.55,2.85
2012-09-14,,,3.25,,
2012-09-17,,,3.25,,
2012-09-18,,,3.25,,
2012-09-19,,,3.25,,
2012-09-20,,,3.25,3.49,2.77
2012-09-21,,,3.25,,
2012-09-24,,,3.25,,
2012-09-25,,,3.25,,
2012-09-26,,,3.25,,
2012-09-27,,,3.25,3.4,2.73
2012-09-28,,,3.25,,
2012-10-01,0.16,,3.25,,
2012-10-02,,,3.25,,
2012-10-03,,,3.25,,
2012-10-04,,,3.25,3.36,2.69
2012-10-05,,,3.25,,
2012-10-09,,,3.25,,
2012-10-10,,,3.25,,
2012-10-11,,,3.25,3.39,2.7
2012-10-12,,,3.25,,
2012-10-15,,,3.25,,
2012-10-16,,,3.25,,
2012-10-17,,,3.25,,
2012-10-18,,,3.25,3.37,2.66
2012-10-19,,,3.25,,
2012-10-22,,,3.25,,
2012-10-23,,,3.25,,
2012-10-24,,,3.25,,
2012-10-25,,,3.25,3.41,2.72
2012-10-26,,,3.25,,
2012-10-29,,,3.25,,
2012-10-30,,,3.25,,
2012-10-31,,,3.25,,
2012-11-01,0.16,,3.25,3.39,2.7
2012-11-02,,,3.25,,
2012-11-05,,,3.25,,
2012-11-06,,,3.25,,
2012-11-07,,,3.25,,
2012-11-08,,,3.25,3.4,2.69
2012-11-09,,,3.25,,
2012-11-13,,,3.25,,
2012-11-14,,,3.25,,
2012-11-15,,,3.25,3.34,2.65
2012-11-16,,,3.25,,
2012-11-19,,,3.25,,
2012-11-20,,,3.25,,
2012-11-21,,,3.25,3.31,2.63
2012-11-23,,,3.25,,
2012-11-26,,,3.25,,
2012-11-27,,,3.25,,
2012-11-28,,,3.25,,
2012-11-29,,,3.25,3.32,2.64
2012-11-30,,,3.25,,
2012-12-01,0.16,,,,
2012-12-03,,,3.25,,
2012-12-04,,,3.25,,
2012-12-05,,,3.25,,
2012-12-06,,,3.25,3.34,2.67
2012-12-07,,,3.25,,
2012-12-10,,,3.25,,
2012-12-11,,,3.25,,
2012-12-12,,,3.25,,
2012-12-13,,,3.25,3.32,2.66
2012-12-14,,,3.25,,
2012-12-17,,,3.25,,
2012-12-18,,,3.25,,
2012-12-19,,,3.25,,
2012-12-20,,,3.25,3.37,2.65
2012-12-21,,,3.25,,
2012-12-24,,,3.25,,
2012-12-26,,,3.25,,
2012-12-27,,,3.25,3.35,2.65
2012-12-28,,,3.25,,
2012-12-31,,,3.25,,
2013-01-01,0.14,,,,
2013-01-02,,,3.25,,
2013-01-03,,,3.25,3.34,2.64
2013-01-04,,,3.25,,
2013-01-07,,,3.25,,
2013-01-08,,,3.25,,
2013-01-09,,,3.25,,
2013-01-10,,,3.25,3.4,2.66
2013-01-11,,,3.25,,
2013-01-14,,,3.25,,
2013-01-15,,,3.25,,
2013-01-16,,,3.25,,
2013-01-17,,,3.25,3.38,2.66
2013-01-18,,,3.25,,
2013-01-22,,,3.25,,
2013-01-23,,,3.25,,
2013-01-24,,,3.25,3.42,2.71
2013-01-25,,,3.25,,
2013-01-28,,,3.25,,
2013-01-29,,,3.25,,
2013-01-30,,,3.25,,
2013-01-31,,,3.25,3.53,2.81
2013-02-01,0.15,,3.25,,
2013-02-04,,,3.25,,
2013-02-05,,,3.25,,
2013-02-06,,,3.25,,
2013-02-07,,,3.25,3.53,2.77
2013-02-08,,,3.25,,
2013-02-11,,,3.25,,
2013-02-12,,,3.25,,
2013-02-13,,,3.25,,
2013-02-14,,,3.25,3.53,2.77
2013-02-15,,,3.25,,
2013-02-19,,,3.25,,
2013-02-20,,,3.25,,
2013-02-21,,,3.25,3.56,2.77
2013-02-22,,,3.25,,
2013-02-25,,,3.25,,
2013-02-26,,,3.25,,
2013-02-27,,,3.25,,
2013-02-28,,,3.25,3.51,2.76
2013-03-01,0.14,,3.25,,
2013-03-04,,,3.25,,
2013-03-05,,,3.25,,
2013-03-06,,,3.25,,
2013-03-07,,,3.25,3.52,2.76
2013-03-08,,,3.25,,
2013-03-11,,,3.25,,
2013-03-12,,,3.25,,
2013-03-13,,,3.25,,
2013-03-14,,,3.25,3.63,2.79
2013-03-15,,,3.25,,
2013-03-18,,,3.25,,
2013-03-19,,,3.25,,
2013-03-20,,,3.25,,
2013-03-21,,,3.25,3.54,2.72
2013-03-22,,,3.25,,
2013-03-25,,,3.25,,
2013-03-26,,,3.25,,
2013-03-27,,,3.25,,
2013-03-28,,,3.25,3.57,2.76
2013-03-29,,,3.25,,
2013-04-01,0.15,,3.25,,
2013-04-02,,,3.25,,
2013-04-03,,,3.25,,
2013-04-04,,,3.25,3.54,2.74
2013-04-05,,,3.25,,
2013-04-08,,,3.25,,
2013-04-09,,,3.25,,
2013-04-10,,,3.25,,
2013-04-11,,,3.25,3.43,2.65
2013-04-12,,,3.25,,
2013-04-15,,,3.25,,
2013-04-16,,,3.25,,
2013-04-17,,,3.25,,
2013-04-18,,,3.25,3.41,2.64
2013-04-19,,,3.25,,
2013-04-22,,,3.25,,
2013-04-23,,,3.25,,
2013-04-24,,,3.25,,
2013-04-25,,,3.25,3.4,2.61
2013-04-26,,,3.25,,
2013-04-29,,,3.25,,
2013-04-30,,,3.25,,
2013-05-01,0.11,,3.25,,
2013-05-02,,,3.25,3.35,2.56
2013-05-03,,,3.25,,
2013-05-06,,,3.25,,
2013-05-07,,,3.25,,
2013-05-08,,,3.25,,
2013-05-09,,,3.25,3.42,2.61
2013-05-10,,,3.25,,
2013-05-13,,,3.25,,
2013-05-14,,,3.25,,
2013-05-15,,,3.25,,
2013-05-16,,,3.25,3.51,2.69
2013-05-17,,,3.25,,
2013-05-20,,,3.25,,
2013-05-21,,,3.25,,
2013-05-22,,,3.25,,
2013-05-23,,,3.25,3.59,2.77
2013-05-24,,,3.25,,
2013-05-28,,,3.25,,
2013-05-29,,,3.25,,
2013-05-30,,,3.25,3.81,2.98
2013-05-31,,,3.25,,
2013-06-01,0.09,,,,
2013-06-03,,,3.25,,
2013-06-04,,,3.25,,
2013-06-05,,,3.25,,
2013-06-06,,,3.25,3.91,3.03
2013-06-07,,,3.25,,
2013-06-10,,,3.25,,
2013-06-11,,,3.25,,
2013-06-12,,,3.25,,
2013-06-13,,,3.25,3.98,3.1
2013-06-14,,,3.25,,
2013-06-17,,,3.25,,
2013-06-18,,,3.25,,
2013-06-19,,,3.25,,
2013-06-20,,,3.25,3.93,3.04
2013-06-21,,,3.25,,
2013-06-24,,,3.25,,
2013-06-25,,,3.25,,
2013-06-26,,,3.25,,
2013-06-27,,,3.25,4.46,3.5
2013-06-28,,,3.25,,
2013-07-01,0.09,,3.25,,
2013-07-02,,,3.25,,
2013-07-03,,,3.25,4.29,3.39
2013-07-05,,,3.25,,
2013-07-08,,,3.25,,
2013-07-09,,,3.25,,
2013-07-10,,,3.25,,
2013-07-11,,,3.25,4.51,3.53
2013-07-12,,,3.25,,
2013-07-15,,,3.25,,
2013-07-16,,,3.25,,
2013-07-17,,,3.25,,
2013-07-18,,,3.25,4.37,3.41
2013-07-19,,,3.25,,
2013-07-22,,,3.25,,
2013-07-23,,,3.25,,
2013-07-24,,,3.25,,
2013-07-25,,,3.25,4.31,3.39
2013-07-26,,,3.25,,
2013-07-29,,,3.25,,
2013-07-30,,,3.25,,
2013-07-31,,,3.25,,
2013-08-01,0.08,,3.25,4.39,3.43
2013-08-02,,,3.25,,
2013-08-05,,,3.25,,
2013-08-06,,,3.25,,
2013-08-07,,,3.25,,
2013-08-08,,,3.25,4.4,3.43
2013-08-09,,,3.25,,
2013-08-12,,,3.25,,
2013-08-13,,,3.25,,
2013-08-14,,,3.25,,
2013-08-15,,,3.25,4.4,3.44
2013-08-16,,,3.25,,
2013-08-19,,,3.25,,
2013-08-20,,,3.25,,
2013-08-21,,,3.25,,
2013-08-22,,,3.25,4.58,3.6
2013-08-23,,,3.25,,
2013-08-26,,,3.25,,
2013-08-27,,,3.25,,
2013-08-28,,,3.25,,
2013-08-29,,,3.25,4.51,3.54
2013-08-30,,,3.25,,
2013-09-01,0.08,,,,
2013-09-03,,,3.25,,
2013-09-04,,,3.25,,
2013-09-05,,,3.25,4.57,3.59
2013-09-06,,,3.25,,
2013-09-09,,,3.25,,
2013-09-10,,,3.25,,
2013-09-11,,,3.25,,
2013-09-12,,,3.25,4.57,3.59
2013-09-13,,,3.25,,
2013-09-16,,,3.25,,
2013-09-17,,,3.25,,
2013-09-18,,,3.25,,
2013-09-19,,,3.25,4.5,3.54
2013-09-20,,,3.25,,
2013-09-23,,,3.25,,
2013-09-24,,,3.25,,
2013-09-25,,,3.25,,
2013-09-26,,,3.25,4.32,3.37
2013-09-27,,,3.25,,
2013-09-30,,,3.25,,
2013-10-01,0.09,,3.25,,
2013-10-02,,,3.25,,
2013-10-03,,,3.25,4.22,3.29
2013-10-04,,,3.25,,
2013-10-07,,,3.25,,
2013-10-08,,,3.25,,
2013-10-09,,,3.25,,
2013-10-10,,,3.25,4.23,3.31
2013-10-11,,,3.25,,
2013-10-15,,,3.25,,
2013-10-16,,,3.25,,
2013-10-17,,,3.25,4.28,3.33
2013-10-18,,,3.25,,
2013-10-21,,,3.25,,
2013-10-22,,,3.25,,
2013-10-23,,,3.25,,
2013-10-24,,,3.25,4.13,3.24
2013-10-25,,,3.25,,
2013-10-28,,,3.25,,
2013-10-29,,,3.25,,
2013-10-30,,,3.25,,
2013-10-31,,,3.25,4.1,3.2
2013-11-01,0.08,,3.25,,
2013-11-04,,,3.25,,
2013-11-05,,,3.25,,
2013-11-06,,,3.25,,
2013-11-07,,,3.25,4.16,3.27
2013-11-08,,,3.25,,
2013-11-12,,,3.25,,
2013-11-13,,,3.25,,
2013-11-14,,,3.25,4.35,3.35
2013-11-15,,,3.25,,
2013-11-18,,,3.25,,
2013-11-19,,,3.25,,
2013-11-20,,,3.25,,
2013-11-21,,,3.25,4.22,3.27
2013-11-22,,,3.25,,
2013-11-25,,,3.25,,
2013-11-26,,,3.25,,
2013-11-27,,,3.25,4.29,3.3
2013-11-29,,,3.25,,
2013-12-01,0.09,,,,
2013-12-02,,,3.25,,
2013-12-03,,,3.25,,
2013-12-04,,,3.25,,
2013-12-05,,,3.25,4.46,3.47
2013-12-06,,,3.25,,
2013-12-09,,,3.25,,
2013-12-10,,,3.25,,
2013-12-11,,,3.25,,
2013-12-12,,,3.25,4.42,3.43
2013-12-13,,,3.25,,
2013-12-16,,,3.25,,
2013-12-17,,,3.25,,
2013-12-18,,,3.25,,
2013-12-19,,,3.25,4.47,3.51
2013-12-20,,,3.25,,
2013-12-23,,,3.25,,
2013-12-24,,,3.25,,
2013-12-26,,,3.25,4.48,3.52
2013-12-27,,,3.25,,
2013-12-30,,,3.25,,
2013-12-31,,,3.25,,
2014-01-01,0.07,,,,
2014-01-02,,,3.25,4.53,3.55
2014-01-03,,,3.25,,
2014-01-06,,,3.25,,
2014-01-07,,,3.25,,
2014-01-08,,,3.25,,
2014-01-09,,,3.25,4.51,3.56
2014-01-10,,,3.25,,
2014-01-13,,,3.25,,
2014-01-14,,,3.25,,
2014-01-15,,,3.25,,
2014-01-16,,,3.25,4.41,3.45
2014-01-17,,,3.25,,
2014-01-21,,,3.25,,
2014-01-22,,,3.25,,
2014-01-23,,,3.25,4.39,3.44
2014-01-24,,,3.25,,
2014-01-27,,,3.25,,
2014-01-28,,,3.25,,
2014-01-29,,,3.25,,
2014-01-30,,,3.25,4.32,3.4
2014-01-31,,,3.25,,
2014-02-01,0.07,,,,
2014-02-03,,,3.25,,
2014-02-04,,,3.25,,
2014-02-05,,,3.25,,
2014-02-06,,,3.25,4.23,3.33
2014-02-07,,,3.25,,
2014-02-10,,,3.25,,
2014-02-11,,,3.25,,
2014-02-12,,,3.25,,
2014-02-13,,,3.25,4.28,3.33
2014-02-14,,,3.25,,
2014-02-18,,,3.25,,
2014-02-19,,,3.25,,
2014-02-20,,,3.25,4.33,3.35
2014-02-21,,,3.25,,
2014-02-24,,,3.25,,
2014-02-25,,,3.25,,
2014-02-26,,,3.25,,
2014-02-27,,,3.25,4.37,3.39
2014-02-28,,,3.25,,
2014-03-01,0.08,,,,
2014-03-03,,,3.25,,
2014-03-04,,,3.25,,
2014-03-05,,,3.25,,
2014-03-06,,,3.25,4.28,3.32
2014-03-07,,,3.25,,
2014-03-10,,,3.25,,
2014-03-11,,,3.25,,
2014-03-12,,,3.25,,
2014-03-13,,,3.25,4.37,3.38
2014-03-14,,,3.25,,
2014-03-17,,,3.25,,
2014-03-18,,,3.25,,
2014-03-19,,,3.25,,
2014-03-20,,,3.25,4.32,3.32
2014-03-21,,,3.25,,
2014-03-24,,,3.25,,
2014-03-25,,,3.25,,
2014-03-26,,,3.25,,
2014-03-27,,,3.25,4.4,3.42
2014-03-28,,,3.25,,
2014-03-31,,,3.25,,
2014-04-01,0.09,,3.25,,
2014-04-02,,,3.25,,
2014-04-03,,,3.25,4.41,3.47
2014-04-04,,,3.25,,
2014-04-07,,,3.25,,
2014-04-08,,,3.25,,
2014-04-09,,,3.25,,
2014-04-10,,,3.25,4.34,3.38
2014-04-11,,,3.25,,
2014-04-14,,,3.25,,
2014-04-15,,,3.25,,
2014-04-16,,,3.25,,
2014-04-17,,,3.25,4.27,3.33
2014-04-18,,,3.25,,
2014-04-21,,,3.25,,
2014-04-22,,,3.25,,
2014-04-23,,,3.25,,
2014-04-24,,,3.25,4.33,3.39
2014-04-25,,,3.25,,
2014-04-28,,,3.25,,
2014-04-29,,,3.25,,
2014-04-30,,,3.25,,
2014-05-01,0.09,,3.25,4.29,3.38
2014-05-02,,,3.25,,
2014-05-05,,,3.25,,
2014-05-06,,,3.25,,
2014-05-07,,,3.25,,
2014-05-08,,,3.25,4.21,3.32
2014-05-09,,,3.25,,
2014-05-12,,,3.25,,
2014-05-13,,,3.25,,
2014-05-14,,,3.25,,
2014-05-15,,,3.25,4.2,3.29
2014-05-16,,,3.25,,
2014-05-19,,,3.25,,
2014-05-20,,,3.25,,
2014-05-21,,,3.25,,
2014-05-22,,,3.25,4.14,3.25
2014-05-23,,,3.25,,
2014-05-27,,,3.25,,
2014-05-28,,,3.25,,
2014-05-29,,,3.25,4.12,3.21
2014-05-30,,,3.25,,
2014-06-01,0.1,,,,
2014-06-02,,,3.25,,
2014-06-03,,,3.25,,
2014-06-04,,,3.25,,
2014-06-05,,,3.25,4.14,3.23
2014-06-06,,,3.25,,
2014-06-09,,,3.25,,
2014-06-10,,,3.25,,
2014-06-11,,,3.25,,
2014-06-12,,,3.25,4.2,3.31
2014-06-13,,,3.25,,
2014-06-16,,,3.25,,
2014-06-17,,,3.25,,
2014-06-18,,,3.25,,
2014-06-19,,,3.25,4.17,3.3
2014-06-20,,,3.25,,
2014-06-23,,,3.25,,
2014-06-24,,,3.25,,
2014-06-25,,,3.25,,
2014-06-26,,,3.25,4.14,3.22
2014-06-27,,,3.25,,
2014-06-30,,,3.25,,
2014-07-01,0.09,,3.25,,
2014-07-02,,,3.25,,
2014-07-03,,,3.25,4.12,3.22
2014-07-07,,,3.25,,
2014-07-08,,,3.25,,
2014-07-09,,,3.25,,
2014-07-10,,,3.25,4.15,3.24
2014-07-11,,,3.25,,
2014-07-14,,,3.25,,
2014-07-15,,,3.25,,
2014-07-16,,,3.25,,
2014-07-17,,,3.25,4.13,3.23
2014-07-18,,,3.25,,
2014-07-21,,,3.25,,
2014-07-22,,,3.25,,
2014-07-23,,,3.25,,
2014-07-24,,,3.25,4.13,3.26
2014-07-25,,,3.25,,
2014-07-28,,,3.25,,
2014-07-29,,,3.25,,
2014-07-30,,,3.25,,
2014-07-31,,,3.25,4.12,3.23
2014-08-01,0.09,,3.25,,
2014-08-04,,,3.25,,
2014-08-05,,,3.25,,
2014-08-06,,,3.25,,
2014-08-07,,,3.25,4.14,3.27
2014-08-08,,,3.25,,
2014-08-11,,,3.25,,
2014-08-12,,,3.25,,
2014-08-13,,,3.25,,
2014-08-14,,,3.25,4.12,3.24
2014-08-15,,,3.25,,
2014-08-18,,,3.25,,
2014-08-19,,,3.25,,
2014-08-20,,,3.25,,
2014-08-21,,,3.25,4.1,3.23
2014-08-22,,,3.25,,
2014-08-25,,,3.25,,
2014-08-26,,,3.25,,
2014-08-27,,,3.25,,
2014-08-28,,,3.25,4.1,3.25
2014-08-29,,,3.25,,
2014-09-01,0.09,,,,
2014-09-02,,,3.25,,
2014-09-03,,,3.25,,
2014-09-04,,,3.25,4.1,3.24
2014-09-05,,,3.25,,
2014-09-08,,,3.25,,
2014-09-09,,,3.25,,
2014-09-10,,,3.25,,
2014-09-11,,,3.25,4.12,3.26
2014-09-12,,,3.25,,
2014-09-15,,,3.25,,
2014-09-16,,,3.25,,
2014-09-17,,,3.25,,
2014-09-18,,,3.25,4.23,3.37
2014-09-19,,,3.25,,
2014-09-22,,,3.25,,
2014-09-23,,,3.25,,
2014-09-24,,,3.25,,
2014-09-25,,,3.25,4.2,3.36
2014-09-26,,,3.25,,
2014-09-29,,,3.25,,
2014-09-30,,,3.25,,
2014-10-01,0.09,,3.25,,
2014-10-02,,,3.25,4.19,3.36
2014-10-03,,,3.25,,
2014-10-06,,,3.25,,
2014-10-07,,,3.25,,
2014-10-08,,,3.25,,
2014-10-09,,,3.25,4.12,3.3
2014-10-10,,,3.25,,
2014-10-14,,,3.25,,
2014-10-15,,,3.25,,
2014-10-16,,,3.25,3.97,3.18
2014-10-17,,,3.25,,
2014-10-20,,,3.25,,
2014-10-21,,,3.25,,
2014-10-22,,,3.25,,
2014-10-23,,,3.25,3.92,3.08
2014-10-24,,,3.25,,
2014-10-27,,,3.25,,
2014-10-28,,,3.25,,
2014-10-29,,,3.25,,
2014-10-30,,,3.25,3.98,3.13
2014-10-31,,,3.25,,
2014-11-01,0.09,,,,
2014-11-03,,,3.25,,
2014-11-04,,,3.25,,
2014-11-05,,,3.25,,
2014-11-06,,,3.25,4.02,3.21
2014-11-07,,,3.25,,
2014-11-10,,,3.25,,
2014-11-12,,,3.25,,
2014-11-13,,,3.25,4.01,3.2
2014-11-14,,,3.25,,
2014-11-17,,,3.25,,
2014-11-18,,,3.25,,
2014-11-19,,,3.25,,
2014-11-20,,,3.25,3.99,3.17
2014-11-21,,,3.25,,
2014-11-24,,,3.25,,
2014-11-25,,,3.25,,
2014-11-26,,,3.25,3.97,3.17
2014-11-28,,,3.25,,
2014-12-01,0.12,,3.25,,
2014-12-02,,,3.25,,
2014-12-03,,,3.25,,
2014-12-04,,,3.25,3.89,3.1
2014-12-05,,,3.25,,
2014-12-08,,,3.25,,
2014-12-09,,,3.25,,
2014-12-10,,,3.25,,
2014-12-11,,,3.25,3.93,3.2
2014-12-12,,,3.25,,
2014-12-15,,,3.25,,
2014-12-16,,,3.25,,
2014-12-17,,,3.25,,
2014-12-18,,,3.25,3.8,3.09
2014-12-19,,,3.25,,
2014-12-22,,,3.25,,
2014-12-23,,,3.25,,
2014-12-24,,,3.25,3.83,3.1
2014-12-26,,,3.25,,
2014-12-29,,,3.25,,
2014-12-30,,,3.25,,
2014-12-31,,,3.25,3.87,3.15
2015-01-01,0.11,,,,
2015-01-02,,,3.25,,
2015-01-05,,,3.25,,
2015-01-06,,,3.25,,
2015-01-07,,,3.25,,
2015-01-08,,,3.25,3.73,3.05
2015-01-09,,,3.25,,
2015-01-12,,,3.25,,
2015-01-13,,,3.25,,
2015-01-14,,,3.25,,
2015-01-15,,,3.25,3.66,2.98
2015-01-16,,,3.25,,
2015-01-20,,,3.25,,
2015-01-21,,,3.25,,
2015-01-22,,,3.25,3.63,2.93
2015-01-23,,,3.25,,
2015-01-26,,,3.25,,
2015-01-27,,,3.25,,
2015-01-28,,,3.25,,
2015-01-29,,,3.25,3.66,2.98
2015-01-30,,,3.25,,
2015-02-01,0.11,,,,
2015-02-02,,,3.25,,
2015-02-03,,,3.25,,
2015-02-04,,,3.25,,
2015-02-05,,,3.25,3.59,2.92
2015-02-06,,,3.25,,
2015-02-09,,,3.25,,
2015-02-10,,,3.25,,
2015-02-11,,,3.25,,
2015-02-12,,,3.25,3.69,2.99
2015-02-13,,,3.25,,
2015-02-17,,,3.25,,
2015-02-18,,,3.25,,
2015-02-19,,,3.25,3.76,3.05
2015-02-20,,,3.25,,
2015-02-23,,,3.25,,
2015-02-24,,,3.25,,
2015-02-25,,,3.25,,
2015-02-26,,,3.25,3.8,3.07
2015-02-27,,,3.25,,
2015-03-01,0.11,,,,
2015-03-02,,,3.25,,
2015-03-03,,,3.25,,
2015-03-04,,,3.25,,
2015-03-05,,,3.25,3.75,3.03
2015-03-06,,,3.25,,
2015-03-09,,,3.25,,
2015-03-10,,,3.25,,
2015-03-11,,,3.25,,
2015-03-12,,,3.25,3.86,3.1
2015-03-13,,,3.25,,
2015-03-16,,,3.25,,
2015-03-17,,,3.25,,
2015-03-18,,,3.25,,
2015-03-19,,,3.25,3.78,3.06
2015-03-20,,,3.25,,
2015-03-23,,,3.25,,
2015-03-24,,,3.25,,
2015-03-25,,,3.25,,
2015-03-26,,,3.25,3.69,2.97
2015-03-27,,,3.25,,
2015-03-30,,,3.25,,
2015-03-31,,,3.25,,
2015-04-01,0.12,,3.25,,
2015-04-02,,,3.25,3.7,2.98
2015-04-03,,,3.25,,
2015-04-06,,,3.25,,
2015-04-07,,,3.25,,
2015-04-08,,,3.25,,
2015-04-09,,,3.25,3.66,2.93
2015-04-10,,,3.25,,
2015-04-13,,,3.25,,
2015-04-14,,,3.25,,
2015-04-15,,,3.25,,
2015-04-16,,,3.25,3.67,2.94
2015-04-17,,,3.25,,
2015-04-20,,,3.25,,
2015-04-21,,,3.25,,
2015-04-22,,,3.25,,
2015-04-23,,,3.25,3.65,2.92
2015-04-24,,,3.25,,
2015-04-27,,,3.25,,
2015-04-28,,,3.25,,
2015-04-29,,,3.25,,
2015-04-30,,,3.25,3.68,2.94
2015-05-01,0.12,,3.25,,
2015-05-04,,,3.25,,
2015-05-05,,,3.25,,
2015-05-06,,,3.25,,
2015-05-07,,,3.25,3.8,3.02
2015-05-08,,,3.25,,
2015-05-11,,,3.25,,
2015-05-12,,,3.25,,
2015-05-13,,,3.25,,
2015-05-14,,,3.25,3.85,3.07
2015-05-15,,,3.25,,
2015-05-18,,,3.25,,
2015-05-19,,,3.25,,
2015-05-20,,,3.25,,
2015-05-21,,,3.25,3.84,3.05
2015-05-22,,,3.25,,
2015-05-25,,,3.25,,
2015-05-26,,,3.25,,
2015-05-27,,,3.25,,
2015-05-28,,,3.25,3.87,3.11
2015-05-29,,,3.25,,
2015-06-01,0.13,,3.25,,
2015-06-02,,,3.25,,
2015-06-03,,,3.25,,
2015-06-04,,,3.25,3.87,3.08
2015-06-05,,,3.25,,
2015-06-08,,,3.25,,
2015-06-09,,,3.25,,
2015-06-10,,,3.25,,
2015-06-11,,,3.25,4.04,3.25
2015-06-12,,,3.25,,
2015-06-15,,,3.25,,
2015-06-16,,,3.25,,
2015-06-17,,,3.25,,
2015-06-18,,,3.25,4.0,3.23
2015-06-19,,,3.25,,
2015-06-22,,,3.25,,
2015-06-23,,,3.25,,
2015-06-24,,,3.25,,
2015-06-25,,,3.25,4.02,3.21
2015-06-26,,,3.25,,
2015-06-29,,,3.25,,
2015-06-30,,,3.25,,
2015-07-01,0.13,,3.25,,
2015-07-02,,,3.25,4.08,3.24
2015-07-06,,,3.25,,
2015-07-07,,,3.25,,
2015-07-08,,,3.25,,
2015-07-09,,,3.25,4.04,3.2
2015-07-10,,,3.25,,
2015-07-13,,,3.25,,
2015-07-14,,,3.25,,
2015-07-15,,,3.25,,
2015-07-16,,,3.25,4.09,3.25
2015-07-17,,,3.25,,
2015-07-20,,,3.25,,
2015-07-21,,,3.25,,
2015-07-22,,,3.25,,
2015-07-23,,,3.25,4.04,3.21
2015-07-24,,,3.25,,
2015-07-27,,,3.25,,
2015-07-28,,,3.25,,
2015-07-29,,,3.25,,
2015-07-30,,,3.25,3.98,3.17
2015-07-31,,,3.25,,
2015-08-01,0.14,,,,
2015-08-03,,,3.25,,
2015-08-04,,,3.25,,
2015-08-05,,,3.25,,
2015-08-06,,,3.25,3.91,3.13
2015-08-07,,,3.25,,
2015-08-10,,,3.25,,
2015-08-11,,,3.25,,
2015-08-12,,,3.25,,
2015-08-13,,,3.25,3.94,3.17
2015-08-14,,,3.25,,
2015-08-17,,,3.25,,
2015-08-18,,,3.25,,
2015-08-19,,,3.25,,
2015-08-20,,,3.25,3.93,3.15
2015-08-21,,,3.25,,
2015-08-24,,,3.25,,
2015-08-25,,,3.25,,
2015-08-26,,,3.25,,
2015-08-27,,,3.25,3.84,3.06
2015-08-28,,,3.25,,
2015-08-31,,,3.25,,
2015-09-01,0.14,,3.25,,
2015-09-02,,,3.25,,
2015-09-03,,,3.25,3.89,3.09
2015-09-04,,,3.25,,
2015-09-08,,,3.25,,
2015-09-09,,,3.25,,
2015-09-10,,,3.25,3.9,3.1
2015-09-11,,,3.25,,
2015-09-14,,,3.25,,
2015-09-15,,,3.25,,
2015-09-16,,,3.25,,
2015-09-17,,,3.25,3.91,3.11
2015-09-18,,,3.25,,
2015-09-21,,,3.25,,
2015-09-22,,,3.25,,
2015-09-23,,,3.25,,
2015-09-24,,,3.25,3.86,3.08
2015-09-25,,,3.25,,
2015-09-28,,,3.25,,
2015-09-29,,,3.25,,
2015-09-30,,,3.25,,
2015-10-01,0.12,,3.25,3.85,3.07
2015-10-02,,,3.25,,
2015-10-05,,,3.25,,
2015-10-06,,,3.25,,
2015-10-07,,,3.25,,
2015-10-08,,,3.25,3.76,2.99
2015-10-09,,,3.25,,
2015-10-13,,,3.25,,
2015-10-14,,,3.25,,
2015-10-15,,,3.25,3.82,3.03
2015-10-16,,,3.25,,
2015-10-19,,,3.25,,
2015-10-20,,,3.25,,
2015-10-21,,,3.25,,
2015-10-22,,,3.25,3.79,2.98
2015-10-23,,,3.25,,
2015-10-26,,,3.25,,
2015-10-27,,,3.25,,
2015-10-28,,,3.25,,
2015-10-29,,,3.25,3.76,2.98
2015-10-30,,,3.25,,
2015-11-01,0.12,,,,
2015-11-02,,,3.25,,
2015-11-03,,,3.25,,
2015-11-04,,,3.25,,
2015-11-05,,,3.25,3.87,3.09
2015-11-06,,,3.25,,
2015-11-09,,,3.25,,
2015-11-10,,,3.25,,
2015-11-12,,,3.25,3.98,3.2
2015-11-13,,,3.25,,
2015-11-16,,,3.25,,
2015-11-17,,,3.25,,
2015-11-18,,,3.25,,
2015-11-19,,,3.25,3.97,3.18
2015-11-20,,,3.25,,
2015-11-23,,,3.25,,
2015-11-24,,,3.25,,
2015-11-25,,,3.25,3.95,3.18
2015-11-27,,,3.25,,
2015-11-30,,,3.25,,
2015-12-01,0.24,,3.25,,
2015-12-02,,,3.25,,
2015-12-03,,,3.25,3.93,3.16
2015-12-04,,,3.25,,
2015-12-07,,,3.25,,
2015-12-08,,,3.25,,
2015-12-09,,,3.25,,
2015-12-10,,,3.25,3.95,3.19
2015-12-11,,,3.25,,
2015-12-14,,,3.25,,
2015-12-15,,,3.25,,
2015-12-16,,,3.25,,
2015-12-17,,,3.5,3.97,3.22
2015-12-18,,,3.5,,
2015-12-21,,,3.5,,
2015-12-22,,,3.5,,
2015-12-23,,,3.5,,
2015-12-24,,,3.5,3.96,3.22
2015-12-28,,,3.5,,
2015-12-29,,,3.5,,
2015-12-30,,,3.5,,
2015-12-31,,,3.5,4.01,3.24
2016-01-01,0.34,,,,
2016-01-04,,,3.5,,
2016-01-05,,,3.5,,
2016-01-06,,,3.5,,
2016-01-07,,,3.5,3.97,3.26
2016-01-08,,,3.5,,
2016-01-11,,,3.5,,
2016-01-12,,,3.5,,
2016-01-13,,,3.5,,
2016-01-14,,,3.5,3.92,3.19
2016-01-15,,,3.5,,
2016-01-19,,,3.5,,
2016-01-20,,,3.5,,
2016-01-21,,,3.5,3.81,3.1
2016-01-22,,,3.5,,
2016-01-25,,,3.5,,
2016-01-26,,,3.5,,
2016-01-27,,,3.5,,
2016-01-28,,,3.5,3.79,3.07
2016-01-29,,,3.5,,
2016-02-01,0.38,,3.5,,
2016-02-02,,,3.5,,
2016-02-03,,,3.5,,
2016-02-04,,,3.5,3.72,3.01
2016-02-05,,,3.5,,
2016-02-08,,,3.5,,
2016-02-09,,,3.5,,
2016-02-10,,,3.5,,
2016-02-11,,,3.5,3.65,2.95
2016-02-12,,,3.5,,
2016-02-16,,,3.5,,
2016-02-17,,,3.5,,
2016-02-18,,,3.5,3.65,2.95
2016-02-19,,,3.5,,
2016-02-22,,,3.5,,
2016-02-23,,,3.5,,
2016-02-24,,,3.5,,
2016-02-25,,,3.5,3.62,2.93
2016-02-26,,,3.5,,
2016-02-29,,,3.5,,
2016-03-01,0.36,,3.5,,
2016-03-02,,,3.5,,
2016-03-03,,,3.5,3.64,2.94
2016-03-04,,,3.5,,
2016-03-07,,,3.5,,
2016-03-08,,,3.5,,
2016-03-09,,,3.5,,
2016-03-10,,,3.5,3.68,2.96
2016-03-11,,,3.5,,
2016-03-14,,,3.5,,
2016-03-15,,,3.5,,
2016-03-16,,,3.5,,
2016-03-17,,,3.5,3.73,2.99
2016-03-18,,,3.5,,
2016-03-21,,,3.5,,
2016-03-22,,,3.5,,
2016-03-23,,,3.5,,
2016-03-24,,,3.5,3.71,2.96
2016-03-25,,,3.5,,
2016-03-28,,,3.5,,
2016-03-29,,,3.5,,
2016-03-30,,,3.5,,
2016-03-31,,,3.5,3.71,2.98
2016-04-01,0.37,,3.5,,
2016-04-04,,,3.5,,
2016-04-05,,,3.5,,
2016-04-06,,,3.5,,
2016-04-07,,,3.5,3.59,2.88
2016-04-08,,,3.5,,
2016-04-11,,,3.5,,
2016-04-12,,,3.5,,
2016-04-13,,,3.5,,
2016-04-14,,,3.5,3.58,2.86
2016-04-15,,,3.5,,
2016-04-18,,,3.5,,
2016-04-19,,,3.5,,
2016-04-20,,,3.5,,
2016-04-21,,,3.5,3.59,2.85
2016-04-22,,,3.5,,
2016-04-25,,,3.5,,
2016-04-26,,,3.5,,
2016-04-27,,,3.5,,
2016-04-28,,,3.5,3.66,2.89
2016-04-29,,,3.5,,
2016-05-01,0.37,,,,
2016-05-02,,,3.5,,
2016-05-03,,,3.5,,
2016-05-04,,,3.5,,
2016-05-05,,,3.5,3.61,2.86
2016-05-06,,,3.5,,
2016-05-09,,,3.5,,
2016-05-10,,,3.5,,
2016-05-11,,,3.5,,
2016-05-12,,,3.5,3.57,2.81
2016-05-13,,,3.5,,
2016-05-16,,,3.5,,
2016-05-17,,,3.5,,
2016-05-18,,,3.5,,
2016-05-19,,,3.5,3.58,2.81
2016-05-20,,,3.5,,
2016-05-23,,,3.5,,
2016-05-24,,,3.5,,
2016-05-25,,,3.5,,
2016-05-26,,,3.5,3.64,2.89
2016-05-27,,,3.5,,
2016-05-31,,,3.5,,
2016-06-01,0.38,,3.5,,
2016-06-02,,,3.5,3.66,2.92
2016-06-03,,,3.5,,
2016-06-06,,,3.5,,
2016-06-07,,,3.5,,
2016-06-08,,,3.5,,
2016-06-09,,,3.5,3.6,2.87
2016-06-10,,,3.5,,
2016-06-13,,,3.5,,
2016-06-14,,,3.5,,
2016-06-15,,,3.5,,
2016-06-16,,,3.5,3.54,2.81
2016-06-17,,,3.5,,
2016-06-20,,,3.5,,
2016-06-21,,,3.5,,
2016-06-22,,,3.5,,
2016-06-23,,,3.5,3.56,2.83
2016-06-24,,,3.5,,
2016-06-27,,,3.5,,
2016-06-28,,,3.5,,
2016-06-29,,,3.5,,
2016-06-30,,,3.5,3.48,2.78
2016-07-01,0.39,,3.5,,
2016-07-05,,,3.5,,
2016-07-06,,,3.5,,
2016-07-07,,,3.5,3.41,2.74
2016-07-08,,,3.5,,
2016-07-11,,,3.5,,
2016-07-12,,,3.5,,
2016-07-13,,,3.5,,
2016-07-14,,,3.5,3.42,2.72
2016-07-15,,,3.5,,
2016-07-18,,,3.5,,
2016-07-19,,,3.5,,
2016-07-20,,,3.5,,
2016-07-21,,,3.5,3.45,2.75
2016-07-22,,,3.5,,
2016-07-25,,,3.5,,
2016-07-26,,,3.5,,
2016-07-27,,,3.5,,
2016-07-28,,,3.5,3.48,2.78
2016-07-29,,,3.5,,
2016-08-01,0.4,,3.5,,
2016-08-02,,,3.5,,
2016-08-03,,,3.5,,
2016-08-04,,,3.5,3.43,2.74
2016-08-05,,,3.5,,
2016-08-08,,,3.5,,
2016-08-09,,,3.5,,
2016-08-10,,,3.5,,
2016-08-11,,,3.5,3.45,2.76
2016-08-12,,,3.5,,
2016-08-15,,,3.5,,
2016-08-16,,,3.5,,
2016-08-17,,,3.5,,
2016-08-18,,,3.5,3.43,2.74
2016-08-19,,,3.5,,
2016-08-22,,,3.5,,
2016-08-23,,,3.5,,
2016-08-24,,,3.5,,
2016-08-25,,,3.5,3.43,2.74
2016-08-26,,,3.5,,
2016-08-29,,,3.5,,
2016-08-30,,,3.5,,
2016-08-31,,,3.5,,
2016-09-01,0.4,,3.5,3.46,2.77
2016-09-02,,,3.5,,
2016-09-06,,,3.5,,
2016-09-07,,,3.5,,
2016-09-08,,,3.5,3.44,2.76
2016-09-09,,,3.5,,
2016-09-12,,,3.5,,
2016-09-13,,,3.5,,
2016-09-14,,,3.5,,
2016-09-15,,,3.5,3.5,2.77
2016-09-16,,,3.5,,
2016-09-19,,,3.5,,
2016-09-20,,,3.5,,
2016-09-21,,,3.5,,
2016-09-22,,,3.5,3.48,2.76
2016-09-23,,,3.5,,
2016-09-26,,,3.5,,
2016-09-27,,,3.5,,
2016-09-28,,,3.5,,
2016-09-29,,,3.5,3.42,2.72
2016-09-30,,,3.5,,
2016-10-01,0.4,,,,
2016-10-03,,,3.5,,
2016-10-04,,,3.5,,
2016-10-05,,,3.5,,
2016-10-06,,,3.5,3.42,2.72
2016-10-07,,,3.5,,
2016-10-11,,,3.5,,
2016-10-12,,,3.5,,
2016-10-13,,,3.5,3.47,2.76
2016-10-14,,,3.5,,
2016-10-17,,,3.5,,
2016-10-18,,,3.5,,
2016-10-19,,,3.5,,
2016-10-20,,,3.5,3.52,2.79
2016-10-21,,,3.5,,
2016-10-24,,,3.5,,
2016-10-25,,,3.5,,
2016-10-26,,,3.5,,
2016-10-27,,,3.5,3.47,2.78
2016-10-28,,,3.5,,
2016-10-31,,,3.5,,
2016-11-01,0.41,,3.5,,
2016-11-02,,,3.5,,
2016-11-03,,,3.5,3.54,2.84
2016-11-04,,,3.5,,
2016-11-07,,,3.5,,
2016-11-08,,,3.5,,
2016-11-09,,,3.5,,
2016-11-10,,,3.5,3.57,2.88
2016-11-14,,,3.5,,
2016-11-15,,,3.5,,
2016-11-16,,,3.5,,
2016-11-17,,,3.5,3.94,3.14
2016-11-18,,,3.5,,
2016-11-21,,,3.5,,
2016-11-22,,,3.5,,
2016-11-23,,,3.5,4.03,3.25
2016-11-25,,,3.5,,
2016-11-28,,,3.5,,
2016-11-29,,,3.5,,
2016-11-30,,,3.5,,
2016-12-01,0.54,,3.5,4.08,3.34
2016-12-02,,,3.5,,
2016-12-05,,,3.5,,
2016-12-06,,,3.5,,
2016-12-07,,,3.5,,
2016-12-08,,,3.5,4.13,3.36
2016-12-09,,,3.5,,
2016-12-12,,,3.5,,
2016-12-13,,,3.5,,
2016-12-14,,,3.5,,
2016-12-15,,,3.75,4.16,3.37
2016-12-16,,,3.75,,
2016-12-19,,,3.75,,
2016-12-20,,,3.75,,
2016-12-21,,,3.75,,
2016-12-22,,,3.75,4.3,3.52
2016-12-23,,,3.75,,
2016-12-27,,,3.75,,
2016-12-28,,,3.75,,
2016-12-29,,,3.75,4.32,3.55
2016-12-30,,,3.75,,
2017-01-01,0.65,,,,
2017-01-03,,,3.75,,
2017-01-04,,,3.75,,
2017-01-05,,,3.75,4.2,3.44
2017-01-06,,,3.75,,
2017-01-09,,,3.75,,
2017-01-10,,,3.75,,
2017-01-11,,,3.75,,
2017-01-12,,,3.75,4.12,3.37
2017-01-13,,,3.75,,
2017-01-17,,,3.75,,
2017-01-18,,,3.75,,
2017-01-19,,,3.75,4.09,3.34
2017-01-20,,,3.75,,
2017-01-23,,,3.75,,
2017-01-24,,,3.75,,
2017-01-25,,,3.75,,
2017-01-26,,,3.75,4.19,3.4
2017-01-27,,,3.75,,
2017-01-30,,,3.75,,
2017-01-31,,,3.75,,
2017-02-01,0.66,,3.75,,
2017-02-02,,,3.75,4.19,3.41
2017-02-03,,,3.75,,
2017-02-06,,,3.75,,
2017-02-07,,,3.75,,
2017-02-08,,,3.75,,
2017-02-09,,,3.75,4.17,3.39
2017-02-10,,,3.75,,
2017-02-13,,,3.75,,
2017-02-14,,,3.75,,
2017-02-15,,,3.75,,
2017-02-16,,,3.75,4.15,3.35
2017-02-17,,,3.75,,
2017-02-21,,,3.75,,
2017-02-22,,,3.75,,
2017-02-23,,,3.75,4.16,3.37
2017-02-24,,,3.75,,
2017-02-27,,,3.75,,
2017-02-28,,,3.75,,
2017-03-01,0.79,,3.75,,
2017-03-02,,,3.75,4.1,3.32
2017-03-03,,,3.75,,
2017-03-06,,,3.75,,
2017-03-07,,,3.75,,
2017-03-08,,,3.75,,
2017-03-09,,,3.75,4.21,3.42
2017-03-10,,,3.75,,
2017-03-13,,,3.75,,
2017-03-14,,,3.75,,
2017-03-15,,,3.75,,
2017-03-16,,,4.0,4.3,3.5
2017-03-17,,,4.0,,
2017-03-20,,,4.0,,
2017-03-21,,,4.0,,
2017-03-22,,,4.0,,
2017-03-23,,,4.0,4.23,3.44
2017-03-24,,,4.0,,
2017-03-27,,,4.0,,
2017-03-28,,,4.0,,
2017-03-29,,,4.0,,
2017-03-30,,,4.0,4.14,3.39
2017-03-31,,,4.0,,
2017-04-01,0.9,,,,
2017-04-03,,,4.0,,
2017-04-04,,,4.0,,
2017-04-05,,,4.0,,
2017-04-06,,,4.0,4.1,3.36
2017-04-07,,,4.0,,
2017-04-10,,,4.0,,
2017-04-11,,,4.0,,
2017-04-12,,,4.0,,
2017-04-13,,,4.0,4.08,3.34
2017-04-14,,,4.0,,
2017-04-17,,,4.0,,
2017-04-18,,,4.0,,
2017-04-19,,,4.0,,
2017-04-20,,,4.0,3.97,3.23
2017-04-21,,,4.0,,
2017-04-24,,,4.0,,
2017-04-25,,,4.0,,
2017-04-26,,,4.0,,
2017-04-27,,,4.0,4.03,3.27
2017-04-28,,,4.0,,
2017-05-01,0.91,,4.0,,
2017-05-02,,,4.0,,
2017-05-03,,,4.0,,
2017-05-04,,,4.0,4.02,3.27
2017-05-05,,,4.0,,
2017-05-08,,,4.0,,
2017-05-09,,,4.0,,
2017-05-10,,,4.0,,
2017-05-11,,,4.0,4.05,3.29
2017-05-12,,,4.0,,
2017-05-15,,,4.0,,
2017-05-16,,,4.0,,
2017-05-17,,,4.0,,
2017-05-18,,,4.0,4.02,3.27
2017-05-19,,,4.0,,
2017-05-22,,,4.0,,
2017-05-23,,,4.0,,
2017-05-24,,,4.0,,
2017-05-25,,,4.0,3.95,3.19
2017-05-26,,,4.0,,
2017-05-29,,,4.0,,
2017-05-30,,,4.0,,
2017-05-31,,,4.0,,
2017-06-01,1.04,,4.0,3.94,3.19
2017-06-02,,,4.0,,
2017-06-05,,,4.0,,
2017-06-06,,,4.0,,
2017-06-07,,,4.0,,
2017-06-08,,,4.0,3.89,3.16
2017-06-09,,,4.0,,
2017-06-12,,,4.0,,
2017-06-13,,,4.0,,
2017-06-14,,,4.0,,
2017-06-15,,,4.25,3.91,3.18
2017-06-16,,,4.25,,
2017-06-19,,,4.25,,
2017-06-20,,,4.25,,
2017-06-21,,,4.25,,
2017-06-22,,,4.25,3.9,3.17
2017-06-23,,,4.25,,
2017-06-26,,,4.25,,
2017-06-27,,,4.25,,
2017-06-28,,,4.25,,
2017-06-29,,,4.25,3.88,3.17
2017-06-30,,,4.25,,
2017-07-01,1.15,,,,
2017-07-03,,,4.25,,
2017-07-05,,,4.25,,
2017-07-06,,,4.25,3.96,3.22
2017-07-07,,,4.25,,
2017-07-10,,,4.25,,
2017-07-11,,,4.25,,
2017-07-12,,,4.25,,
2017-07-13,,,4.25,4.03,3.29
2017-07-14,,,4.25,,
2017-07-17,,,4.25,,
2017-07-18,,,4.25,,
2017-07-19,,,4.25,,
2017-07-20,,,4.25,3.96,3.23
2017-07-21,,,4.25,,
2017-07-24,,,4.25,,
2017-07-25,,,4.25,,
2017-07-26,,,4.25,,
2017-07-27,,,4.25,3.92,3.2
2017-07-28,,,4.25,,
2017-07-31,,,4.25,,
2017-08-01,1.16,,4.25,,
2017-08-02,,,4.25,,
2017-08-03,,,4.25,3.93,3.18
2017-08-04,,,4.25,,
2017-08-07,,,4.25,,
2017-08-08,,,4.25,,
2017-08-09,,,4.25,,
2017-08-10,,,4.25,3.9,3.18
2017-08-11,,,4.25,,
2017-08-14,,,4.25,,
2017-08-15,,,4.25,,
2017-08-16,,,4.25,,
2017-08-17,,,4.25,3.89,3.16
2017-08-18,,,4.25,,
2017-08-21,,,4.25,,
2017-08-22,,,4.25,,
2017-08-23,,,4.25,,
2017-08-24,,,4.25,3.86,3.16
2017-08-25,,,4.25,,
2017-08-28,,,4.25,,
2017-08-29,,,4.25,,
2017-08-30,,,4.25,,
2017-08-31,,,4.25,3.82,3.12
2017-09-01,1.15,,4.25,,
2017-09-05,,,4.25,,
2017-09-06,,,4.25,,
2017-09-07,,,4.25,3.78,3.08
2017-09-08,,,4.25,,
2017-09-11,,,4.25,,
2017-09-12,,,4.25,,
2017-09-13,,,4.25,,
2017-09-14,,,4.25,3.78,3.08
2017-09-15,,,4.25,,
2017-09-18,,,4.25,,
2017-09-19,,,4.25,,
2017-09-20,,,4.25,,
2017-09-21,,,4.25,3.83,3.13
2017-09-22,,,4.25,,
2017-09-25,,,4.25,,
2017-09-26,,,4.25,,
2017-09-27,,,4.25,,
2017-09-28,,,4.25,3.83,3.13
2017-09-29,,,4.25,,
2017-10-01,1.15,,,,
2017-10-02,,,4.25,,
2017-10-03,,,4.25,,
2017-10-04,,,4.25,,
2017-10-05,,,4.25,3.85,3.15
2017-10-06,,,4.25,,
2017-10-10,,,4.25,,
2017-10-11,,,4.25,,
2017-10-12,,,4.25,3.91,3.21
2017-10-13,,,4.25,,
2017-10-16,,,4.25,,
2017-10-17,,,4.25,,
2017-10-18,,,4.25,,
2017-10-19,,,4.25,3.88,3.19
2017-10-20,,,4.25,,
2017-10-23,,,4.25,,
2017-10-24,,,4.25,,
2017-10-25,,,4.25,,
2017-10-26,,,4.25,3.94,3.25
2017-10-27,,,4.25,,
2017-10-30,,,4.25,,
2017-10-31,,,4.25,,
2017-11-01,1.16,,4.25,,
2017-11-02,,,4.25,3.94,3.27
2017-11-03,,,4.25,,
2017-11-06,,,4.25,,
2017-11-07,,,4.25,,
2017-11-08,,,4.25,,
2017-11-09,,,4.25,3.9,3.24
2017-11-10,,,4.25,,
2017-11-13,,,4.25,,
2017-11-14,,,4.25,,
2017-11-15,,,4.25,,
2017-11-16,,,4.25,3.95,3.31
2017-11-17,,,4.25,,
2017-11-20,,,4.25,,
2017-11-21,,,4.25,,
2017-11-22,,,4.25,3.92,3.32
2017-11-24,,,4.25,,
2017-11-27,,,4.25,,
2017-11-28,,,4.25,,
2017-11-29,,,4.25,,
2017-11-30,,,4.25,3.9,3.3
2017-12-01,1.3,,4.25,,
2017-12-04,,,4.25,,
2017-12-05,,,4.25,,
2017-12-06,,,4.25,,
2017-12-07,,,4.25,3.94,3.36
2017-12-08,,,4.25,,
2017-12-11,,,4.25,,
2017-12-12,,,4.25,,
2017-12-13,,,4.25,,
2017-12-14,,,4.5,3.93,3.36
2017-12-15,,,4.5,,
2017-12-18,,,4.5,,
2017-12-19,,,4.5,,
2017-12-20,,,4.5,,
2017-12-21,,,4.5,3.94,3.38
2017-12-22,,,4.5,,
2017-12-26,,,4.5,,
2017-12-27,,,4.5,,
2017-12-28,,,4.5,3.99,3.44
2017-12-29,,,4.5,,
2018-01-01,1.41,,,,
2018-01-02,,,4.5,,
2018-01-03,,,4.5,,
2018-01-04,,,4.5,3.95,3.38
2018-01-05,,,4.5,,
2018-01-08,,,4.5,,
2018-01-09,,,4.5,,
2018-01-10,,,4.5,,
2018-01-11,,,4.5,3.99,3.44
2018-01-12,,,4.5,,
2018-01-16,,,4.5,,
2018-01-17,,,4.5,,
2018-01-18,,,4.5,4.04,3.49
2018-01-19,,,4.5,,
2018-01-22,,,4.5,,
2018-01-23,,,4.5,,
2018-01-24,,,4.5,,
2018-01-25,,,4.5,4.15,3.62
2018-01-26,,,4.5,,
2018-01-29,,,4.5,,
2018-01-30,,,4.5,,
2018-01-31,,,4.5,,
2018-02-01,1.42,,4.5,4.22,3.68
2018-02-02,,,4.5,,
2018-02-05,,,4.5,,
2018-02-06,,,4.5,,
2018-02-07,,,4.5,,
2018-02-08,,,4.5,4.32,3.77
2018-02-09,,,4.5,,
2018-02-12,,,4.5,,
2018-02-13,,,4.5,,
2018-02-14,,,4.5,,
2018-02-15,,,4.5,4.38,3.84
2018-02-16,,,4.5,,
2018-02-20,,,4.5,,
2018-02-21,,,4.5,,
2018-02-22,,,4.5,4.4,3.85
2018-02-23,,,4.5,,
2018-02-26,,,4.5,,
2018-02-27,,,4.5,,
2018-02-28,,,4.5,,
2018-03-01,1.51,,4.5,4.43,3.9
2018-03-02,,,4.5,,
2018-03-05,,,4.5,,
2018-03-06,,,4.5,,
2018-03-07,,,4.5,,
2018-03-08,,,4.5,4.46,3.94
2018-03-09,,,4.5,,
2018-03-12,,,4.5,,
2018-03-13,,,4.5,,
2018-03-14,,,4.5,,
2018-03-15,,,4.5,4.44,3.9
2018-03-16,,,4.5,,
2018-03-19,,,4.5,,
2018-03-20,,,4.5,,
2018-03-21,,,4.5,,
2018-03-22,,,4.75,4.45,3.91
2018-03-23,,,4.75,,
2018-03-26,,,4.75,,
2018-03-27,,,4.75,,
2018-03-28,,,4.75,,
2018-03-29,,,4.75,4.44,3.9
2018-03-30,,,4.75,,
2018-04-01,1.69,,,,
2018-04-02,,,4.75,,
2018-04-03,,1.83,4.75,,
2018-04-04,,1.74,4.75,,
2018-04-05,,1.75,4.75,4.4,3.87
2018-04-06,,1.75,4.75,,
2018-04-09,,1.75,4.75,,
2018-04-10,,1.75,4.75,,
2018-04-11,,1.76,4.75,,
2018-04-12,,1.73,4.75,4.42,3.87
2018-04-13,,1.72,4.75,,
2018-04-16,,1.77,4.75,,
2018-04-17,,1.76,4.75,,
2018-04-18,,1.75,4.75,,
2018-04-19,,1.73,4.75,4.47,3.94
2018-04-20,,1.72,4.75,,
2018-04-23,,1.7,4.75,,
2018-04-24,,1.71,4.75,,
2018-04-25,,1.71,4.75,,
2018-04-26,,1.72,4.75,4.58,4.02
2018-04-27,,1.72,4.75,,
2018-04-30,,1.77,4.75,,
2018-05-01,1.7,1.76,4.75,,
2018-05-02,,1.75,4.75,,
2018-05-03,,1.74,4.75,4.55,4.03
2018-05-04,,1.72,4.75,,
2018-05-07,,1.71,4.75,,
2018-05-08,,1.72,4.75,,
2018-05-09,,1.72,4.75,,
2018-05-10,,1.73,4.75,4.55,4.01
2018-05-11,,1.73,4.75,,
2018-05-14,,1.75,4.75,,
2018-05-15,,1.79,4.75,,
2018-05-16,,1.75,4.75,,
2018-05-17,,1.74,4.75,4.61,4.08
2018-05-18,,1.73,4.75,,
2018-05-21,,1.69,4.75,,
2018-05-22,,1.65,4.75,,
2018-05-23,,1.67,4.75,,
2018-05-24,,1.74,4.75,4.66,4.15
2018-05-25,,1.73,4.75,,
2018-05-29,,1.72,4.75,,
2018-05-30,,1.72,4.75,,
2018-05-31,,1.81,4.75,4.56,4.06
2018-06-01,1.82,1.81,4.75,,
2018-06-04,,1.8,4.75,,
2018-06-05,,1.75,4.75,,
2018-06-06,,1.73,4.75,,
2018-06-07,,1.71,4.75,4.54,4.01
2018-06-08,,1.69,4.75,,
2018-06-11,,1.69,4.75,,
2018-06-12,,1.67,4.75,,
2018-06-13,,1.71,4.75,,
2018-06-14,,1.9,5.0,4.62,4.07
2018-06-15,,1.91,5.0,,
2018-06-18,,1.9,5.0,,
2018-06-19,,1.88,5.0,,
2018-06-20,,1.87,5.0,,
2018-06-21,,1.87,5.0,4.57,4.04
2018-06-22,,1.92,5.0,,
2018-06-25,,1.91,5.0,,
2018-06-26,,1.9,5.0,,
2018-06-27,,1.9,5.0,,
2018-06-28,,1.93,5.0,4.55,4.04
2018-06-29,,2.12,5.0,,
2018-07-01,1.91,,,,
2018-07-02,,2.04,5.0,,
2018-07-03,,2.0,5.0,,
2018-07-05,,1.97,5.0,4.52,3.99
2018-07-06,,1.93,5.0,,
2018-07-09,,1.89,5.0,,
2018-07-10,,1.89,5.0,,
2018-07-11,,1.89,5.0,,
2018-07-12,,1.9,5.0,4.53,4.02
2018-07-13,,1.9,5.0,,
2018-07-16,,1.95,5.0,,
2018-07-17,,1.92,5.0,,
2018-07-18,,1.9,5.0,,
2018-07-19,,1.9,5.0,4.52,4.0
2018-07-20,,1.88,5.0,,
2018-07-23,,1.87,5.0,,
2018-07-24,,1.9,5.0,,
2018-07-25,,1.87,5.0,,
2018-07-26,,1.9,5.0,4.54,4.02
2018-07-27,,1.88,5.0,,
2018-07-30,,1.88,5.0,,
2018-07-31,,1.93,5.0,,
2018-08-01,1.91,1.88,5.0,,
2018-08-02,,1.91,5.0,4.6,4.08
2018-08-03,,1.86,5.0,,
2018-08-06,,1.86,5.0,,
2018-08-07,,1.87,5.0,,
2018-08-08,,1.88,5.0,,
2018-08-09,,1.91,5.0,4.59,4.05
2018-08-10,,1.9,5.0,,
2018-08-13,,1.91,5.0,,
2018-08-14,,1.93,5.0,,
2018-08-15,,1.98,5.0,,
2018-08-16,,1.99,5.0,4.53,4.01
2018-08-17,,1.9,5.0,,
2018-08-20,,1.9,5.0,,
2018-08-21,,1.9,5.0,,
2018-08-22,,1.9,5.0,,
2018-08-23,,1.94,5.0,4.51,3.98
2018-08-24,,1.95,5.0,,
2018-08-27,,1.95,5.0,,
2018-08-28,,1.95,5.0,,
2018-08-29,,1.93,5.0,,
2018-08-30,,1.93,5.0,4.52,3.97
2018-08-31,,1.97,5.0,,
2018-09-01,1.95,,,,
2018-09-04,,1.95,5.0,,
2018-09-05,,1.95,5.0,,
2018-09-06,,1.94,5.0,4.54,3.99
2018-09-07,,1.94,5.0,,
2018-09-10,,1.94,5.0,,
2018-09-11,,1.94,5.0,,
2018-09-12,,1.94,5.0,,
2018-09-13,,1.94,5.0,4.6,4.06
2018-09-14,,1.95,5.0,,
2018-09-17,,2.0,5.0,,
2018-09-18,,1.94,5.0,,
2018-09-19,,1.92,5.0,,
2018-09-20,,1.92,5.0,4.65,4.11
2018-09-21,,1.92,5.0,,
2018-09-24,,1.95,5.0,,
2018-09-25,,1.93,5.0,,
2018-09-26,,1.92,5.0,,
2018-09-27,,2.16,5.25,4.72,4.16
2018-09-28,,2.25,5.25,,
2018-10-01,2.19,2.22,5.25,,
2018-10-02,,2.2,5.25,,
2018-10-03,,2.2,5.25,,
2018-10-04,,2.18,5.25,4.71,4.15
2018-10-05,,2.16,5.25,,
2018-10-09,,2.15,5.25,,
2018-10-10,,2.15,5.25,,
2018-10-11,,2.17,5.25,4.9,4.29
2018-10-12,,2.18,5.25,,
2018-10-15,,2.21,5.25,,
2018-10-16,,2.18,5.25,,
2018-10-17,,2.18,5.25,,
2018-10-18,,2.19,5.25,4.85,4.26
2018-10-19,,2.19,5.25,,
2018-10-22,,2.18,5.25,,
2018-10-23,,2.17,5.25,,
2018-10-24,,2.18,5.25,,
2018-10-25,,2.19,5.25,4.86,4.29
2018-10-26,,2.19,5.25,,
2018-10-29,,2.18,5.25,,
2018-10-30,,2.18,5.25,,
2018-10-31,,2.22,5.25,,
2018-11-01,2.2,2.22,5.25,4.83,4.23
2018-11-02,,2.25,5.25,,
2018-11-05,,2.24,5.25,,
2018-11-06,,2.22,5.25,,
2018-11-07,,2.18,5.25,,
2018-11-08,,2.21,5.25,4.94,4.33
2018-11-09,,2.2,5.25,,
2018-11-13,,2.2,5.25,,
2018-11-14,,2.2,5.25,,
2018-11-15,,2.28,5.25,4.94,4.36
2018-11-16,,2.26,5.25,,
2018-11-19,,2.24,5.25,,
2018-11-20,,2.2,5.25,,
2018-11-21,,2.18,5.25,4.81,4.24
2018-11-23,,2.23,5.25,,
2018-11-26,,2.2,5.25,,
2018-11-27,,2.19,5.25,,
2018-11-28,,2.19,5.25,,
2018-11-29,,2.24,5.25,4.81,4.25
2018-11-30,,2.28,5.25,,
2018-12-01,2.27,,,,
2018-12-03,,2.23,5.25,,
2018-12-04,,2.27,5.25,,
2018-12-05,,,5.25,,
2018-12-06,,2.34,5.25,4.75,4.21
2018-12-07,,2.3,5.25,,
2018-12-10,,2.22,5.25,,
2018-12-11,,2.19,5.25,,
2018-12-12,,2.2,5.25,,
2018-12-13,,2.21,5.25,4.63,4.07
2018-12-14,,2.21,5.25,,
2018-12-17,,2.31,5.25,,
2018-12-18,,2.32,5.25,,
2018-12-19,,2.3,5.25,,
2018-12-20,,2.41,5.5,4.62,4.07
2018-12-21,,2.4,5.5,,
2018-12-24,,2.41,5.5,,
2018-12-26,,2.44,5.5,,
2018-12-27,,2.44,5.5,4.55,4.01
2018-12-28,,2.46,5.5,,
2018-12-31,,3.0,5.5,,
2019-01-01,2.4,,,,
2019-01-02,,3.15,5.5,,
2019-01-03,,2.7,5.5,4.51,3.99
2019-01-04,,2.45,5.5,,
2019-01-07,,2.41,5.5,,
2019-01-08,,2.42,5.5,,
2019-01-09,,2.45,5.5,,
2019-01-10,,2.43,5.5,4.45,3.89
2019-01-11,,2.41,5.5,,
2019-01-14,,2.4,5.5,,
2019-01-15,,2.46,5.5,,
2019-01-16,,2.43,5.5,,
2019-01-17,,2.41,5.5,4.45,3.88
2019-01-18,,2.42,5.5,,
2019-01-22,,2.41,5.5,,
2019-01-23,,2.4,5.5,,
2019-01-24,,2.41,5.5,4.45,3.88
2019-01-25,,2.4,5.5,,
2019-01-28,,2.39,5.5,,
2019-01-29,,2.4,5.5,,
2019-01-30,,2.39,5.5,,
2019-01-31,,2.58,5.5,4.46,3.89
2019-02-01,2.4,2.47,5.5,,
2019-02-04,,2.4,5.5,,
2019-02-05,,2.4,5.5,,
2019-02-06,,2.38,5.5,,
2019-02-07,,2.38,5.5,4.41,3.84
2019-02-08,,2.37,5.5,,
2019-02-11,,2.4,5.5,,
2019-02-12,,2.39,5.5,,
2019-02-13,,2.38,5.5,,
2019-02-14,,2.39,5.5,4.37,3.81
2019-02-15,,2.43,5.5,,
2019-02-18,,,5.5,,
2019-02-19,,2.4,5.5,,
2019-02-20,,2.39,5.5,,
2019-02-21,,2.39,5.5,4.35,3.78
2019-02-22,,2.4,5.5,,
2019-02-25,,2.38,5.5,,
2019-02-26,,2.38,5.5,,
2019-02-27,,2.37,5.5,,
2019-02-28,,2.58,5.5,4.35,3.77
2019-03-01,2.41,2.38,5.5,,
2019-03-04,,2.38,5.5,,
2019-03-05,,2.38,5.5,,
2019-03-06,,2.38,5.5,,
2019-03-07,,2.38,5.5,4.41,3.83
2019-03-08,,2.39,5.5,,
2019-03-11,,2.38,5.5,,
2019-03-12,,2.39,5.5,,
2019-03-13,,2.4,5.5,,
2019-03-14,,2.42,5.5,4.31,3.76
2019-03-15,,2.46,5.5,,
2019-03-18,,2.41,5.5,,
2019-03-19,,2.42,5.5,,
2019-03-20,,2.47,5.5,,
2019-03-21,,2.44,5.5,4.28,3.71
2019-03-22,,2.4,5.5,,
2019-03-25,,2.4,5.5,,
2019-03-26,,2.4,5.5,,
2019-03-27,,2.4,5.5,,
2019-03-28,,2.43,5.5,4.06,3.57
2019-03-29,,2.65,5.5,,
2019-04-01,2.42,2.46,5.5,,
2019-04-02,,2.46,5.5,,
2019-04-03,,2.47,5.5,,
2019-04-04,,2.46,5.5,4.08,3.56
2019-04-05,,2.46,5.5,,
2019-04-08,,2.46,5.5,,
2019-04-09,,2.45,5.5,,
2019-04-10,,2.45,5.5,,
2019-04-11,,2.44,5.5,4.12,3.6
2019-04-12,,2.44,5.5,,
2019-04-15,,2.47,5.5,,
2019-04-16,,2.47,5.5,,
2019-04-17,,2.5,5.5,,
2019-04-18,,2.5,5.5,4.17,3.62
2019-04-19,,,5.5,,
2019-04-22,,2.46,5.5,,
2019-04-23,,2.46,5.5,,
2019-04-24,,2.44,5.5,,
2019-04-25,,2.45,5.5,4.2,3.64
2019-04-26,,2.46,5.5,,
2019-04-29,,2.48,5.5,,
2019-04-30,,2.76,5.5,,
2019-05-01,2.39,2.54,5.5,,
2019-05-02,,2.5,5.5,4.14,3.6
2019-05-03,,2.43,5.5,,
2019-05-06,,2.42,5.5,,
2019-05-07,,2.44,5.5,,
2019-05-08,,2.43,5.5,,
2019-05-09,,2.41,5.5,4.1,3.57
2019-05-10,,2.4,5.5,,
2019-05-13,,2.38,5.5,,
2019-05-14,,2.39,5.5,,
2019-05-15,,2.48,5.5,,
2019-05-16,,2.43,5.5,4.07,3.53
2019-05-17,,2.42,5.5,,
2019-05-20,,2.39,5.5,,
2019-05-21,,2.38,5.5,,
2019-05-22,,2.37,5.5,,
2019-05-23,,2.37,5.5,4.06,3.51
2019-05-24,,2.37,5.5,,
2019-05-28,,2.41,5.5,,
2019-05-29,,2.4,5.5,,
2019-05-30,,2.4,5.5,3.99,3.46
2019-05-31,,2.49,5.5,,
2019-06-01,2.38,,,,
2019-06-03,,2.4,5.5,,
2019-06-04,,2.39,5.5,,
2019-06-05,,2.4,5.5,,
2019-06-06,,2.4,5.5,3.82,3.28
2019-06-07,,2.39,5.5,,
2019-06-10,,2.39,5.5,,
2019-06-11,,2.38,5.5,,
2019-06-12,,2.37,5.5,,
2019-06-13,,2.35,5.5,3.82,3.26
2019-06-14,,2.35,5.5,,
2019-06-17,,2.41,5.5,,
2019-06-18,,2.39,5.5,,
2019-06-19,,2.36,5.5,,
2019-06-20,,2.36,5.5,3.84,3.25
2019-06-21,,2.37,5.5,,
2019-06-24,,2.39,5.5,,
2019-06-25,,2.41,5.5,,
2019-06-26,,2.43,5.5,,
2019-06-27,,2.42,5.5,3.73,3.16
2019-06-28,,2.5,5.5,,
2019-07-01,2.4,2.42,5.5,,
2019-07-02,,2.51,5.5,,
2019-07-03,,2.56,5.5,3.75,3.18
2019-07-04,,,5.5,,
2019-07-05,,2.59,5.5,,
2019-07-08,,2.48,5.5,,
2019-07-09,,2.45,5.5,,
2019-07-10,,2.46,5.5,,
2019-07-11,,2.41,5.5,3.75,3.22
2019-07-12,,2.36,5.5,,
2019-07-15,,2.46,5.5,,
2019-07-16,,2.47,5.5,,
2019-07-17,,2.47,5.5,,
2019-07-18,,2.46,5.5,3.81,3.23
2019-07-19,,2.41,5.5,,
2019-07-22,,2.4,5.5,,
2019-07-23,,2.4,5.5,,
2019-07-24,,2.41,5.5,,
2019-07-25,,2.42,5.5,3.75,3.18
2019-07-26,,2.41,5.5,,
2019-07-29,,2.4,5.5,,
2019-07-30,,2.39,5.5,,
2019-07-31,,2.55,5.5,,
2019-08-01,2.13,2.19,5.25,3.75,3.2
2019-08-02,,2.19,5.25,,
2019-08-05,,2.13,5.25,,
2019-08-06,,2.11,5.25,,
2019-08-07,,2.1,5.25,,
2019-08-08,,2.09,5.25,3.6,3.05
2019-08-09,,2.11,5.25,,
2019-08-12,,2.12,5.25,,
2019-08-13,,2.16,5.25,,
2019-08-14,,2.13,5.25,,
2019-08-15,,2.18,5.25,3.6,3.07
2019-08-16,,2.13,5.25,,
2019-08-19,,2.11,5.25,,
2019-08-20,,2.13,5.25,,
2019-08-21,,2.1,5.25,,
2019-08-22,,2.09,5.25,3.55,3.03
2019-08-23,,2.1,5.25,,
2019-08-26,,2.1,5.25,,
2019-08-27,,2.15,5.25,,
2019-08-28,,2.12,5.25,,
2019-08-29,,2.12,5.25,3.58,3.06
2019-08-30,,2.16,5.25,,
2019-09-01,2.04,,,,
2019-09-03,,2.17,5.25,,
2019-09-04,,2.21,5.25,,
2019-09-05,,2.21,5.25,3.49,3.0
2019-09-06,,2.15,5.25,,
2019-09-09,,2.12,5.25,,
2019-09-10,,2.14,5.25,,
2019-09-11,,2.15,5.25,,
2019-09-12,,2.2,5.25,3.56,3.09
2019-09-13,,2.2,5.25,,
2019-09-16,,2.43,5.25,,
2019-09-17,,5.25,5.25,,
2019-09-18,,2.55,5.25,,
2019-09-19,,1.95,5.0,3.73,3.21
2019-09-20,,1.86,5.0,,
2019-09-23,,1.85,5.0,,
2019-09-24,,1.96,5.0,,
2019-09-25,,2.01,5.0,,
2019-09-26,,1.85,5.0,3.64,3.16
2019-09-27,,1.82,5.0,,
2019-09-30,,2.35,5.0,,
2019-10-01,1.83,1.88,5.0,,
2019-10-02,,1.85,5.0,,
2019-10-03,,1.84,5.0,3.65,3.14
2019-10-04,,1.82,5.0,,
2019-10-07,,1.83,5.0,,
2019-10-08,,1.85,5.0,,
2019-10-09,,1.85,5.0,,
2019-10-10,,1.85,5.0,3.57,3.05
2019-10-11,,1.85,5.0,,
2019-10-15,,2.0,5.0,,
2019-10-16,,2.05,5.0,,
2019-10-17,,1.95,5.0,3.69,3.15
2019-10-18,,1.88,5.0,,
2019-10-21,,1.86,5.0,,
2019-10-22,,1.87,5.0,,
2019-10-23,,1.87,5.0,,
2019-10-24,,1.86,5.0,3.75,3.18
2019-10-25,,1.84,5.0,,
2019-10-28,,1.82,5.0,,
2019-10-29,,1.81,5.0,,
2019-10-30,,1.82,5.0,,
2019-10-31,,1.76,4.75,3.78,3.19
2019-11-01,1.55,1.58,4.75,,
2019-11-04,,1.56,4.75,,
2019-11-05,,1.58,4.75,,
2019-11-06,,1.57,4.75,,
2019-11-07,,1.56,4.75,3.69,3.13
2019-11-08,,1.56,4.75,,
2019-11-12,,1.57,4.75,,
2019-11-13,,1.57,4.75,,
2019-11-14,,1.58,4.75,3.75,3.2
2019-11-15,,1.59,4.75,,
2019-11-18,,1.56,4.75,,
2019-11-19,,1.57,4.75,,
2019-11-20,,1.57,4.75,,
2019-11-21,,1.58,4.75,3.66,3.15
2019-11-22,,1.58,4.75,,
2019-11-25,,1.56,4.75,,
2019-11-26,,1.54,4.75,,
2019-11-27,,1.55,4.75,3.68,3.15
2019-11-29,,1.65,4.75,,
2019-12-01,1.55,,,,
2019-12-02,,1.63,4.75,,
2019-12-03,,1.55,4.75,,
2019-12-04,,1.54,4.75,,
2019-12-05,,1.55,4.75,3.68,3.14
2019-12-06,,1.55,4.75,,
2019-12-09,,1.56,4.75,,
2019-12-10,,1.55,4.75,,
2019-12-11,,1.54,4.75,,
2019-12-12,,1.53,4.75,3.73,3.19
2019-12-13,,1.54,4.75,,
2019-12-16,,1.62,4.75,,
2019-12-17,,1.54,4.75,,
2019-12-18,,1.53,4.75,,
2019-12-19,,1.53,4.75,3.73,3.19
2019-12-20,,1.53,4.75,,
2019-12-23,,1.52,4.75,,
2019-12-24,,1.52,4.75,,
2019-12-26,,1.52,4.75,3.74,3.19
2019-12-27,,1.53,4.75,,
2019-12-30,,1.54,4.75,,
2019-12-31,,1.55,4.75,,
2020-01-01,1.55,,,,
2020-01-02,,1.54,4.75,3.72,3.16
2020-01-03,,1.55,4.75,,
2020-01-06,,1.55,4.75,,
2020-01-07,,1.56,4.75,,
2020-01-08,,1.55,4.75,,
2020-01-09,,1.55,4.75,3.64,3.07
2020-01-10,,1.55,4.75,,
2020-01-13,,1.54,4.75,,
2020-01-14,,1.55,4.75,,
2020-01-15,,1.56,4.75,,
2020-01-16,,1.55,4.75,3.65,3.09
2020-01-17,,1.54,4.75,,
2020-01-21,,1.54,4.75,,
2020-01-22,,1.54,4.75,,
2020-01-23,,1.54,4.75,3.6,3.04
2020-01-24,,1.53,4.75,,
2020-01-27,,1.53,4.75,,
2020-01-28,,1.53,4.75,,
2020-01-29,,1.53,4.75,,
2020-01-30,,1.58,4.75,3.51,3.0
2020-01-31,,1.6,4.75,,
2020-02-01,1.58,,,,
2020-02-03,,1.59,4.75,,
2020-02-04,,1.6,4.75,,
2020-02-05,,1.59,4.75,,
2020-02-06,,1.59,4.75,3.45,2.97
2020-02-07,,1.58,4.75,,
2020-02-10,,1.58,4.75,,
2020-02-11,,1.58,4.75,,
2020-02-12,,1.57,4.75,,
2020-02-13,,1.57,4.75,3.47,2.97
2020-02-14,,1.58,4.75,,
2020-02-18,,1.6,4.75,,
2020-02-19,,1.59,4.75,,
2020-02-20,,1.6,4.75,3.49,2.99
2020-02-21,,1.58,4.75,,
2020-02-24,,1.58,4.75,,
2020-02-25,,1.59,4.75,,
2020-02-26,,1.58,4.75,,
2020-02-27,,1.58,4.75,3.45,2.95
2020-02-28,,1.6,4.75,,
2020-03-01,0.65,,,,
2020-03-02,,1.59,4.75,,
2020-03-03,,1.64,4.75,,
2020-03-04,,1.23,4.25,,
2020-03-05,,1.12,4.25,3.29,2.79
2020-03-06,,1.1,4.25,,
2020-03-09,,1.09,4.25,,
2020-03-10,,1.11,4.25,,
2020-03-11,,1.15,4.25,,
2020-03-12,,1.2,4.25,3.36,2.77
2020-03-13,,1.1,4.25,,
2020-03-16,,0.26,3.25,,
2020-03-17,,0.54,3.25,,
2020-03-18,,0.1,3.25,,
2020-03-19,,0.06,3.25,3.65,3.06
2020-03-20,,0.04,3.25,,
2020-03-23,,0.02,3.25,,
2020-03-24,,0.01,3.25,,
2020-03-25,,0.01,3.25,,
2020-03-26,,0.01,3.25,3.5,2.92
2020-03-27,,0.01,3.25,,
2020-03-30,,0.01,3.25,,
2020-03-31,,0.01,3.25,,
2020-04-01,0.05,0.01,3.25,,
2020-04-02,,0.01,3.25,3.33,2.82
2020-04-03,,0.01,3.25,,
2020-04-06,,0.01,3.25,,
2020-04-07,,0.01,3.25,,
2020-04-08,,0.01,3.25,,
2020-04-09,,0.01,3.25,3.33,2.77
2020-04-10,,,3.25,,
2020-04-13,,0.02,3.25,,
2020-04-14,,0.06,3.25,,
2020-04-15,,0.03,3.25,,
2020-04-16,,0.03,3.25,3.31,2.8
2020-04-17,,0.03,3.25,,
2020-04-20,,0.02,3.25,,
2020-04-21,,0.01,3.25,,
2020-04-22,,0.01,3.25,,
2020-04-23,,0.01,3.25,3.33,2.86
2020-04-24,,0.03,3.25,,
2020-04-27,,0.03,3.25,,
2020-04-28,,0.01,3.25,,
2020-04-29,,0.01,3.25,,
2020-04-30,,0.04,3.25,3.23,2.77
2020-05-01,0.05,0.03,3.25,,
2020-05-04,,0.05,3.25,,
2020-05-05,,0.05,3.25,,
2020-05-06,,0.05,3.25,,
2020-05-07,,0.05,3.25,3.26,2.73
2020-05-08,,0.06,3.25,,
2020-05-11,,0.06,3.25,,
2020-05-12,,0.06,3.25,,
2020-05-13,,0.04,3.25,,
2020-05-14,,0.02,3.25,3.28,2.72
2020-05-15,,0.05,3.25,,
2020-05-18,,0.04,3.25,,
2020-05-19,,0.04,3.25,,
2020-05-20,,0.01,3.25,,
2020-05-21,,0.02,3.25,3.24,2.7
2020-05-22,,0.04,3.25,,
2020-05-26,,0.06,3.25,,
2020-05-27,,0.06,3.25,,
2020-05-28,,0.06,3.25,3.15,2.62
2020-05-29,,0.06,3.25,,
2020-06-01,0.08,0.06,3.25,,
2020-06-02,,0.07,3.25,,
2020-06-03,,0.06,3.25,,
2020-06-04,,0.07,3.25,3.18,2.62
2020-06-05,,0.07,3.25,,
2020-06-08,,0.07,3.25,,
2020-06-09,,0.08,3.25,,
2020-06-10,,0.07,3.25,,
2020-06-11,,0.08,3.25,3.21,2.62
2020-06-12,,0.08,3.25,,
2020-06-15,,0.09,3.25,,
2020-06-16,,0.09,3.25,,
2020-06-17,,0.09,3.25,,
2020-06-18,,0.09,3.25,3.13,2.58
2020-06-19,,0.09,3.25,,
2020-06-22,,0.08,3.25,,
2020-06-23,,0.07,3.25,,
2020-06-24,,0.08,3.25,,
2020-06-25,,0.09,3.25,3.13,2.59
2020-06-26,,0.08,3.25,,
2020-06-29,,0.08,3.25,,
2020-06-30,,0.1,3.25,,
2020-07-01,0.09,0.11,3.25,,
2020-07-02,,0.11,3.25,3.07,2.56
2020-07-03,,,3.25,,
2020-07-06,,0.1,3.25,,
2020-07-07,,0.1,3.25,,
2020-07-08,,0.1,3.25,,
2020-07-09,,0.1,3.25,3.03,2.51
2020-07-10,,0.1,3.25,,
2020-07-13,,0.1,3.25,,
2020-07-14,,0.11,3.25,,
2020-07-15,,0.13,3.25,,
2020-07-16,,0.12,3.25,2.98,2.48
2020-07-17,,0.12,3.25,,
2020-07-20,,0.12,3.25,,
2020-07-21,,0.11,3.25,,
2020-07-22,,0.1,3.25,,
2020-07-23,,0.1,3.25,3.01,2.54
2020-07-24,,0.1,3.25,,
2020-07-27,,0.1,3.25,,
2020-07-28,,0.1,3.25,,
2020-07-29,,0.09,3.25,,
2020-07-30,,0.1,3.25,2.99,2.51
2020-07-31,,0.1,3.25,,
2020-08-01,0.1,,,,
2020-08-03,,0.1,3.25,,
2020-08-04,,0.09,3.25,,
2020-08-05,,0.09,3.25,,
2020-08-06,,0.09,3.25,2.88,2.44
2020-08-07,,0.09,3.25,,
2020-08-10,,0.09,3.25,,
2020-08-11,,0.1,3.25,,
2020-08-12,,0.09,3.25,,
2020-08-13,,0.09,3.25,2.96,2.46
2020-08-14,,0.09,3.25,,
2020-08-17,,0.1,3.25,,
2020-08-18,,0.09,3.25,,
2020-08-19,,0.09,3.25,,
2020-08-20,,0.07,3.25,2.99,2.54
2020-08-21,,0.07,3.25,,
2020-08-24,,0.08,3.25,,
2020-08-25,,0.08,3.25,,
2020-08-26,,0.07,3.25,,
2020-08-27,,0.07,3.25,2.91,2.46
2020-08-28,,0.07,3.25,,
2020-08-31,,0.09,3.25,,
2020-09-01,0.09,0.09,3.25,,
2020-09-02,,0.09,3.25,,
2020-09-03,,0.1,3.25,2.93,2.42
2020-09-04,,0.09,3.25,,
2020-09-08,,0.09,3.25,,
2020-09-09,,0.09,3.25,,
2020-09-10,,0.09,3.25,2.86,2.37
2020-09-11,,0.09,3.25,,
2020-09-14,,0.09,3.25,,
2020-09-15,,0.1,3.25,,
2020-09-16,,0.1,3.25,,
2020-09-17,,0.1,3.25,2.87,2.35
2020-09-18,,0.09,3.25,,
2020-09-21,,0.08,3.25,,
2020-09-22,,0.07,3.25,,
2020-09-23,,0.06,3.25,,
2020-09-24,,0.07,3.25,2.9,2.4
2020-09-25,,0.08,3.25,,
2020-09-28,,0.08,3.25,,
2020-09-29,,0.07,3.25,,
2020-09-30,,0.08,3.25,,
2020-10-01,0.09,0.08,3.25,2.88,2.36
2020-10-02,,0.1,3.25,,
2020-10-05,,0.09,3.25,,
2020-10-06,,0.1,3.25,,
2020-10-07,,0.09,3.25,,
2020-10-08,,0.08,3.25,2.87,2.37
2020-10-09,,0.09,3.25,,
2020-10-13,,0.09,3.25,,
2020-10-14,,0.09,3.25,,
2020-10-15,,0.1,3.25,2.81,2.35
2020-10-16,,0.09,3.25,,
2020-10-19,,0.09,3.25,,
2020-10-20,,0.08,3.25,,
2020-10-21,,0.07,3.25,,
2020-10-22,,0.07,3.25,2.8,2.33
2020-10-23,,0.08,3.25,,
2020-10-26,,0.09,3.25,,
2020-10-27,,0.09,3.25,,
2020-10-28,,0.08,3.25,,
2020-10-29,,0.09,3.25,2.81,2.32
2020-10-30,,0.09,3.25,,
2020-11-01,0.09,,,,
2020-11-02,,0.11,3.25,,
2020-11-03,,0.1,3.25,,
2020-11-04,,0.1,3.25,,
2020-11-05,,0.11,3.25,2.78,2.32
2020-11-06,,0.1,3.25,,
2020-11-09,,0.1,3.25,,
2020-11-10,,0.1,3.25,,
2020-11-12,,0.09,3.25,2.84,2.34
2020-11-13,,0.09,3.25,,
2020-11-16,,0.1,3.25,,
2020-11-17,,0.09,3.25,,
2020-11-18,,0.07,3.25,,
2020-11-19,,0.06,3.25,2.72,2.28
2020-11-20,,0.05,3.25,,
2020-11-23,,0.05,3.25,,
2020-11-24,,0.07,3.25,,
2020-11-25,,0.08,3.25,2.72,2.28
2020-11-27,,0.08,3.25,,
2020-11-30,,0.09,3.25,,
2020-12-01,0.09,0.08,3.25,,
2020-12-02,,0.08,3.25,,
2020-12-03,,0.08,3.25,2.71,2.26
2020-12-04,,0.09,3.25,,
2020-12-07,,0.08,3.25,,
2020-12-08,,0.07,3.25,,
2020-12-09,,0.08,3.25,,
2020-12-10,,0.08,3.25,2.71,2.26
2020-12-11,,0.08,3.25,,
2020-12-14,,0.08,3.25,,
2020-12-15,,0.09,3.25,,
2020-12-16,,0.09,3.25,,
2020-12-17,,0.09,3.25,2.67,2.21
2020-12-18,,0.09,3.25,,
2020-12-21,,0.09,3.25,,
2020-12-22,,0.07,3.25,,
2020-12-23,,0.06,3.25,,
2020-12-24,,0.08,3.25,2.66,2.19
2020-12-28,,0.09,3.25,,
2020-12-29,,0.1,3.25,,
2020-12-30,,0.09,3.25,,
2020-12-31,,0.07,3.25,2.67,2.17
2021-01-01,0.09,,,,
2021-01-04,,0.1,3.25,,
2021-01-05,,0.11,3.25,,
2021-01-06,,0.1,3.25,,
2021-01-07,,0.1,3.25,2.65,2.16
2021-01-08,,0.09,3.25,,
2021-01-11,,0.09,3.25,,
2021-01-12,,0.08,3.25,,
2021-01-13,,0.08,3.25,,
2021-01-14,,0.08,3.25,2.79,2.23
2021-01-15,,0.08,3.25,,
2021-01-19,,0.07,3.25,,
2021-01-20,,0.06,3.25,,
2021-01-21,,0.04,3.25,2.77,2.21
2021-01-22,,0.05,3.25,,
2021-01-25,,0.06,3.25,,
2021-01-26,,0.03,3.25,,
2021-01-27,,0.03,3.25,,
2021-01-28,,0.04,3.25,2.73,2.2
2021-01-29,,0.06,3.25,,
2021-02-01,0.08,0.07,3.25,,
2021-02-02,,0.07,3.25,,
2021-02-03,,0.07,3.25,,
2021-02-04,,0.05,3.25,2.73,2.21
2021-02-05,,0.02,3.25,,
2021-02-08,,0.02,3.25,,
2021-02-09,,0.05,3.25,,
2021-02-10,,0.06,3.25,,
2021-02-11,,0.06,3.25,2.73,2.19
2021-02-12,,0.05,3.25,,
2021-02-16,,0.06,3.25,,
2021-02-17,,0.06,3.25,,
2021-02-18,,0.03,3.25,2.81,2.21
2021-02-19,,0.02,3.25,,
2021-02-22,,0.03,3.25,,
2021-02-23,,0.01,3.25,,
2021-02-24,,0.02,3.25,,
2021-02-25,,0.03,3.25,2.97,2.34
2021-02-26,,0.01,3.25,,
2021-03-01,0.07,0.02,3.25,,
2021-03-02,,0.04,3.25,,
2021-03-03,,0.04,3.25,,
2021-03-04,,0.02,3.25,3.02,2.34
2021-03-05,,0.02,3.25,,
2021-03-08,,0.02,3.25,,
2021-03-09,,0.02,3.25,,
2021-03-10,,0.02,3.25,,
2021-03-11,,0.01,3.25,3.05,2.38
2021-03-12,,0.01,3.25,,
2021-03-15,,0.01,3.25,,
2021-03-16,,0.01,3.25,,
2021-03-17,,0.01,3.25,,
2021-03-18,,0.01,3.25,3.09,2.4
2021-03-19,,0.01,3.25,,
2021-03-22,,0.01,3.25,,
2021-03-23,,0.01,3.25,,
2021-03-24,,0.01,3.25,,
2021-03-25,,0.01,3.25,3.17,2.45
2021-03-26,,0.01,3.25,,
2021-03-29,,0.01,3.25,,
2021-03-30,,0.01,3.25,,
2021-03-31,,0.01,3.25,,
2021-04-01,0.07,0.01,3.25,3.18,2.45
2021-04-02,,,3.25,,
2021-04-05,,0.01,3.25,,
2021-04-06,,0.01,3.25,,
2021-04-07,,0.01,3.25,,
2021-04-08,,0.01,3.25,3.13,2.42
2021-04-09,,0.01,3.25,,
2021-04-12,,0.01,3.25,,
2021-04-13,,0.01,3.25,,
2021-04-14,,0.01,3.25,,
2021-04-15,,0.01,3.25,3.04,2.35
2021-04-16,,0.01,3.25,,
2021-04-19,,0.01,3.25,,
2021-04-20,,0.01,3.25,,
2021-04-21,,0.01,3.25,,
2021-04-22,,0.01,3.25,2.97,2.29
2021-04-23,,0.01,3.25,,
2021-04-26,,0.01,3.25,,
2021-04-27,,0.01,3.25,,
2021-04-28,,0.01,3.25,,
2021-04-29,,0.01,3.25,2.98,2.31
2021-04-30,,0.01,3.25,,
2021-05-01,0.06,,,,
2021-05-03,,0.01,3.25,,
2021-05-04,,0.01,3.25,,
2021-05-05,,0.01,3.25,,
2021-05-06,,0.01,3.25,2.96,2.3
2021-05-07,,0.01,3.25,,
2021-05-10,,0.01,3.25,,
2021-05-11,,0.01,3.25,,
2021-05-12,,0.01,3.25,,
2021-05-13,,0.01,3.25,2.94,2.26
2021-05-14,,0.01,3.25,,
2021-05-17,,0.01,3.25,,
2021-05-18,,0.01,3.25,,
2021-05-19,,0.01,3.25,,
2021-05-20,,0.01,3.25,3.0,2.29
2021-05-21,,0.01,3.25,,
2021-05-24,,0.01,3.25,,
2021-05-25,,0.01,3.25,,
2021-05-26,,0.01,3.25,,
2021-05-27,,0.01,3.25,2.95,2.27
2021-05-28,,0.01,3.25,,
2021-06-01,0.08,0.01,3.25,,
2021-06-02,,0.01,3.25,,
2021-06-03,,0.01,3.25,2.99,2.27
2021-06-04,,0.01,3.25,,
2021-06-07,,0.01,3.25,,
2021-06-08,,0.01,3.25,,
2021-06-09,,0.01,3.25,,
2021-06-10,,0.01,3.25,2.96,2.23
2021-06-11,,0.01,3.25,,
2021-06-14,,0.01,3.25,,
2021-06-15,,0.01,3.25,,
2021-06-16,,0.01,3.25,,
2021-06-17,,0.05,3.25,2.93,2.24
2021-06-18,,0.05,3.25,,
2021-06-21,,0.05,3.25,,
2021-06-22,,0.05,3.25,,
2021-06-23,,0.05,3.25,,
2021-06-24,,0.05,3.25,3.02,2.34
2021-06-25,,0.05,3.25,,
2021-06-28,,0.05,3.25,,
2021-06-29,,0.05,3.25,,
2021-06-30,,0.05,3.25,,
2021-07-01,0.1,0.05,3.25,2.98,2.26
2021-07-02,,0.05,3.25,,
2021-07-06,,0.05,3.25,,
2021-07-07,,0.05,3.25,,
2021-07-08,,0.05,3.25,2.9,2.2
2021-07-09,,0.05,3.25,,
2021-07-12,,0.05,3.25,,
2021-07-13,,0.05,3.25,,
2021-07-14,,0.05,3.25,,
2021-07-15,,0.05,3.25,2.88,2.22
2021-07-16,,0.05,3.25,,
2021-07-19,,0.05,3.25,,
2021-07-20,,0.05,3.25,,
2021-07-21,,0.05,3.25,,
2021-07-22,,0.05,3.25,2.78,2.12
2021-07-23,,0.05,3.25,,
2021-07-26,,0.05,3.25,,
2021-07-27,,0.05,3.25,,
2021-07-28,,0.05,3.25,,
2021-07-29,,0.05,3.25,2.8,2.1
2021-07-30,,0.05,3.25,,
2021-08-01,0.09,,,,
2021-08-02,,0.05,3.25,,
2021-08-03,,0.05,3.25,,
2021-08-04,,0.05,3.25,,
2021-08-05,,0.05,3.25,2.77,2.1
2021-08-06,,0.05,3.25,,
2021-08-09,,0.05,3.25,,
2021-08-10,,0.05,3.25,,
2021-08-11,,0.05,3.25,,
2021-08-12,,0.05,3.25,2.87,2.15
2021-08-13,,0.05,3.25,,
2021-08-16,,0.05,3.25,,
2021-08-17,,0.05,3.25,,
2021-08-18,,0.05,3.25,,
2021-08-19,,0.05,3.25,2.86,2.16
2021-08-20,,0.05,3.25,,
2021-08-23,,0.05,3.25,,
2021-08-24,,0.05,3.25,,
2021-08-25,,0.05,3.25,,
2021-08-26,,0.05,3.25,2.87,2.17
2021-08-27,,0.05,3.25,,
2021-08-30,,0.05,3.25,,
2021-08-31,,0.05,3.25,,
2021-09-01,0.08,0.05,3.25,,
2021-09-02,,0.05,3.25,2.87,2.18
2021-09-03,,0.05,3.25,,
2021-09-07,,0.05,3.25,,
2021-09-08,,0.05,3.25,,
2021-09-09,,0.05,3.25,2.88,2.19
2021-09-10,,0.05,3.25,,
2021-09-13,,0.05,3.25,,
2021-09-14,,0.05,3.25,,
2021-09-15,,0.05,3.25,,
2021-09-16,,0.05,3.25,2.86,2.12
2021-09-17,,0.05,3.25,,
2021-09-20,,0.05,3.25,,
2021-09-21,,0.05,3.25,,
2021-09-22,,0.05,3.25,,
2021-09-23,,0.05,3.25,2.88,2.15
2021-09-24,,0.05,3.25,,
2021-09-27,,0.05,3.25,,
2021-09-28,,0.05,3.25,,
2021-09-29,,0.05,3.25,,
2021-09-30,,0.05,3.25,3.01,2.28
2021-10-01,0.08,0.05,3.25,,
2021-10-04,,0.05,3.25,,
2021-10-05,,0.05,3.25,,
2021-10-06,,0.05,3.25,,
2021-10-07,,0.05,3.25,2.99,2.23
2021-10-08,,0.05,3.25,,
2021-10-12,,0.05,3.25,,
2021-10-13,,0.05,3.25,,
2021-10-14,,0.05,3.25,3.05,2.3
2021-10-15,,0.05,3.25,,
2021-10-18,,0.05,3.25,,
2021-10-19,,0.03,3.25,,
2021-10-20,,0.03,3.25,,
2021-10-21,,0.03,3.25,3.09,2.33
2021-10-22,,0.05,3.25,,
2021-10-25,,0.04,3.25,,
2021-10-26,,0.05,3.25,,
2021-10-27,,0.05,3.25,,
2021-10-28,,0.05,3.25,3.14,2.37
2021-10-29,,0.05,3.25,,
2021-11-01,0.08,0.05,3.25,,
2021-11-02,,0.05,3.25,,
2021-11-03,,0.05,3.25,,
2021-11-04,,0.05,3.25,3.09,2.35
2021-11-05,,0.05,3.25,,
2021-11-08,,0.05,3.25,,
2021-11-09,,0.05,3.25,,
2021-11-10,,0.05,3.25,2.98,2.27
2021-11-12,,0.05,3.25,,
2021-11-15,,0.05,3.25,,
2021-11-16,,0.05,3.25,,
2021-11-17,,0.05,3.25,,
2021-11-18,,0.05,3.25,3.1,2.39
2021-11-19,,0.05,3.25,,
2021-11-22,,0.05,3.25,,
2021-11-23,,0.05,3.25,,
2021-11-24,,0.05,3.25,3.1,2.42
2021-11-26,,0.05,3.25,,
2021-11-29,,0.05,3.25,,
2021-11-30,,0.05,3.25,,
2021-12-01,0.08,0.05,3.25,,
2021-12-02,,0.05,3.25,3.11,2.39
2021-12-03,,0.05,3.25,,
2021-12-06,,0.05,3.25,,
2021-12-07,,0.05,3.25,,
2021-12-08,,0.05,3.25,,
2021-12-09,,0.05,3.25,3.1,2.38
2021-12-10,,0.05,3.25,,
2021-12-13,,0.05,3.25,,
2021-12-14,,0.05,3.25,,
2021-12-15,,0.05,3.25,,
2021-12-16,,0.05,3.25,3.12,2.34
2021-12-17,,0.05,3.25,,
2021-12-20,,0.04,3.25,,
2021-12-21,,0.05,3.25,,
2021-12-22,,0.05,3.25,,
2021-12-23,,0.05,3.25,3.05,2.3
2021-12-24,,,3.25,,
2021-12-27,,0.05,3.25,,
2021-12-28,,0.05,3.25,,
2021-12-29,,0.05,3.25,,
2021-12-30,,0.05,3.25,3.11,2.33
2021-12-31,,0.05,3.25,,
2022-01-01,0.08,,,,
2022-01-03,,0.05,3.25,,
2022-01-04,,0.05,3.25,,
2022-01-05,,0.05,3.25,,
2022-01-06,,0.05,3.25,3.22,2.43
2022-01-07,,0.05,3.25,,
2022-01-10,,0.05,3.25,,
2022-01-11,,0.05,3.25,,
2022-01-12,,0.05,3.25,,
2022-01-13,,0.05,3.25,3.45,2.62
2022-01-14,,0.05,3.25,,
2022-01-18,,0.05,3.25,,
2022-01-19,,0.05,3.25,,
2022-01-20,,0.04,3.25,3.56,2.79
2022-01-21,,0.05,3.25,,
2022-01-24,,0.04,3.25,,
2022-01-25,,0.05,3.25,,
2022-01-26,,0.04,3.25,,
2022-01-27,,0.04,3.25,3.55,2.8
2022-01-28,,0.05,3.25,,
2022-01-31,,0.05,3.25,,
2022-02-01,0.08,0.05,3.25,,
2022-02-02,,0.05,3.25,,
2022-02-03,,0.05,3.25,3.55,2.77
2022-02-04,,0.05,3.25,,
2022-02-07,,0.05,3.25,,
2022-02-08,,0.05,3.25,,
2022-02-09,,0.04,3.25,,
2022-02-10,,0.05,3.25,3.69,2.93
2022-02-11,,0.05,3.25,,
2022-02-14,,0.05,3.25,,
2022-02-15,,0.05,3.25,,
2022-02-16,,0.05,3.25,,
2022-02-17,,0.05,3.25,3.92,3.15
2022-02-18,,0.05,3.25,,
2022-02-22,,0.05,3.25,,
2022-02-23,,0.05,3.25,,
2022-02-24,,0.05,3.25,3.89,3.14
2022-02-25,,0.05,3.25,,
2022-02-28,,0.05,3.25,,
2022-03-01,0.2,0.05,3.25,,
2022-03-02,,0.05,3.25,,
2022-03-03,,0.05,3.25,3.76,3.01
2022-03-04,,0.05,3.25,,
2022-03-07,,0.05,3.25,,
2022-03-08,,0.05,3.25,,
2022-03-09,,0.05,3.25,,
2022-03-10,,0.05,3.25,3.85,3.09
2022-03-11,,0.05,3.25,,
2022-03-14,,0.05,3.25,,
2022-03-15,,0.05,3.25,,
2022-03-16,,0.05,3.25,,
2022-03-17,,0.3,3.5,4.16,3.39
2022-03-18,,0.3,3.5,,
2022-03-21,,0.29,3.5,,
2022-03-22,,0.28,3.5,,
2022-03-23,,0.27,3.5,,
2022-03-24,,0.27,3.5,4.42,3.63
2022-03-25,,0.28,3.5,,
2022-03-28,,0.28,3.5,,
2022-03-29,,0.28,3.5,,
2022-03-30,,0.27,3.5,,
2022-03-31,,0.29,3.5,4.67,3.83
2022-04-01,0.33,0.3,3.5,,
2022-04-04,,0.3,3.5,,
2022-04-05,,0.3,3.5,,
2022-04-06,,0.3,3.5,,
2022-04-07,,0.3,3.5,4.72,3.91
2022-04-08,,0.3,3.5,,
2022-04-11,,0.3,3.5,,
2022-04-12,,0.29,3.5,,
2022-04-13,,0.29,3.5,,
2022-04-14,,0.29,3.5,5.0,4.17
2022-04-15,,,3.5,,
2022-04-18,,0.29,3.5,,
2022-04-19,,0.28,3.5,,
2022-04-20,,0.27,3.5,,
2022-04-21,,0.26,3.5,5.11,4.38
2022-04-22,,0.27,3.5,,
2022-04-25,,0.27,3.5,,
2022-04-26,,0.27,3.5,,
2022-04-27,,0.28,3.5,,
2022-04-28,,0.28,3.5,5.1,4.4
2022-04-29,,0.28,3.5,,
2022-05-01,0.77,,,,
2022-05-02,,0.3,3.5,,
2022-05-03,,0.3,3.5,,
2022-05-04,,0.3,3.5,,
2022-05-05,,0.79,4.0,5.27,4.52
2022-05-06,,0.78,4.0,,
2022-05-09,,0.78,4.0,,
2022-05-10,,0.78,4.0,,
2022-05-11,,0.78,4.0,,
2022-05-12,,0.79,4.0,5.3,4.48
2022-05-13,,0.79,4.0,,
2022-05-16,,0.8,4.0,,
2022-05-17,,0.8,4.0,,
2022-05-18,,0.79,4.0,,
2022-05-19,,0.79,4.0,5.25,4.43
2022-05-20,,0.78,4.0,,
2022-05-23,,0.78,4.0,,
2022-05-24,,0.78,4.0,,
2022-05-25,,0.78,4.0,,
2022-05-26,,0.78,4.0,5.1,4.31
2022-05-27,,0.78,4.0,,
2022-05-31,,0.79,4.0,,
2022-06-01,1.21,0.8,4.0,,
2022-06-02,,0.79,4.0,5.09,4.32
2022-06-03,,0.78,4.0,,
2022-06-06,,0.78,4.0,,
2022-06-07,,0.77,4.0,,
2022-06-08,,0.76,4.0,,
2022-06-09,,0.75,4.0,5.23,4.38
2022-06-10,,0.75,4.0,,
2022-06-13,,0.73,4.0,,
2022-06-14,,0.69,4.0,,
2022-06-15,,0.7,4.0,,
2022-06-16,,1.45,4.75,5.78,4.81
2022-06-17,,1.45,4.75,,
2022-06-21,,1.45,4.75,,
2022-06-22,,1.45,4.75,,
2022-06-23,,1.44,4.75,5.81,4.92
2022-06-24,,1.46,4.75,,
2022-06-27,,1.5,4.75,,
2022-06-28,,1.52,4.75,,
2022-06-29,,1.51,4.75,,
2022-06-30,,1.5,4.75,5.7,4.83
2022-07-01,1.68,1.52,4.75,,
2022-07-05,,1.54,4.75,,
2022-07-06,,1.54,4.75,,
2022-07-07,,1.54,4.75,5.3,4.45
2022-07-08,,1.53,4.75,,
2022-07-11,,1.53,4.75,,
2022-07-12,,1.54,4.75,,
2022-07-13,,1.53,4.75,,
2022-07-14,,1.53,4.75,5.51,4.67
2022-07-15,,1.54,4.75,,
2022-07-18,,1.54,4.75,,
2022-07-19,,1.54,4.75,,
2022-07-20,,1.53,4.75,,
2022-07-21,,1.53,4.75,5.54,4.75
2022-07-22,,1.52,4.75,,
2022-07-25,,1.53,4.75,,
2022-07-26,,1.53,4.75,,
2022-07-27,,1.53,4.75,,
2022-07-28,,2.28,5.5,5.3,4.58
2022-07-29,,2.27,5.5,,
2022-08-01,2.33,2.28,5.5,,
2022-08-02,,2.3,5.5,,
2022-08-03,,2.29,5.5,,
2022-08-04,,2.29,5.5,4.99,4.26
2022-08-05,,2.28,5.5,,
2022-08-08,,2.28,5.5,,
2022-08-09,,2.29,5.5,,
2022-08-10,,2.28,5.5,,
2022-08-11,,2.28,5.5,5.22,4.59
2022-08-12,,2.28,5.5,,
2022-08-15,,2.29,5.5,,
2022-08-16,,2.29,5.5,,
2022-08-17,,2.29,5.5,,
2022-08-18,,2.28,5.5,5.13,4.55
2022-08-19,,2.28,5.5,,
2022-08-22,,2.28,5.5,,
2022-08-23,,2.27,5.5,,
2022-08-24,,2.27,5.5,,
2022-08-25,,2.28,5.5,5.55,4.85
2022-08-26,,2.28,5.5,,
2022-08-29,,2.28,5.5,,
2022-08-30,,2.29,5.5,,
2022-08-31,,2.29,5.5,,
2022-09-01,2.56,2.29,5.5,5.66,4.98
2022-09-02,,2.29,5.5,,
2022-09-05,,,5.5,,
2022-09-06,,2.29,5.5,,
2022-09-07,,2.28,5.5,,
2022-09-08,,2.28,5.5,5.89,5.16
2022-09-09,,2.28,5.5,,
2022-09-12,,2.28,5.5,,
2022-09-13,,2.28,5.5,,
2022-09-14,,2.27,5.5,,
2022-09-15,,2.28,5.5,6.02,5.21
2022-09-16,,2.27,5.5,,
2022-09-19,,2.27,5.5,,
2022-09-20,,2.26,5.5,,
2022-09-21,,2.25,5.5,,
2022-09-22,,2.99,6.25,6.29,5.44
2022-09-23,,2.99,6.25,,
2022-09-26,,2.99,6.25,,
2022-09-27,,2.98,6.25,,
2022-09-28,,2.98,6.25,,
2022-09-29,,2.96,6.25,6.7,5.96
2022-09-30,,2.98,6.25,,
2022-10-01,3.08,,,,
2022-10-03,,3.0,6.25,,
2022-10-04,,3.04,6.25,,
2022-10-05,,3.04,6.25,,
2022-10-06,,3.05,6.25,6.66,5.9
2022-10-07,,3.05,6.25,,
2022-10-11,,3.05,6.25,,
2022-10-12,,3.04,6.25,,
2022-10-13,,3.04,6.25,6.92,6.09
2022-10-14,,3.04,6.25,,
2022-10-17,,3.05,6.25,,
2022-10-18,,3.04,6.25,,
2022-10-19,,3.04,6.25,,
2022-10-20,,3.03,6.25,6.94,6.23
2022-10-21,,3.02,6.25,,
2022-10-24,,3.01,6.25,,
2022-10-25,,3.02,6.25,,
2022-10-26,,3.03,6.25,,
2022-10-27,,3.04,6.25,7.08,6.36
2022-10-28,,3.05,6.25,,
2022-10-31,,3.05,6.25,,
2022-11-01,3.78,3.05,6.25,,
2022-11-02,,3.05,6.25,,
2022-11-03,,3.8,7.0,6.95,6.29
2022-11-04,,3.8,7.0,,
2022-11-07,,3.78,7.0,,
2022-11-08,,3.78,7.0,,
2022-11-09,,3.78,7.0,,
2022-11-10,,3.78,7.0,7.08,6.38
2022-11-14,,3.79,7.0,,
2022-11-15,,3.8,7.0,,
2022-11-16,,3.81,7.0,,
2022-11-17,,3.8,7.0,6.61,5.98
2022-11-18,,3.8,7.0,,
2022-11-21,,3.8,7.0,,
2022-11-22,,3.8,7.0,,
2022-11-23,,3.79,7.0,6.58,5.9
2022-11-25,,3.8,7.0,,
2022-11-28,,3.8,7.0,,
2022-11-29,,3.81,7.0,,
2022-11-30,,3.82,7.0,,
2022-12-01,4.1,3.82,7.0,6.49,5.76
2022-12-02,,3.81,7.0,,
2022-12-05,,3.81,7.0,,
2022-12-06,,3.8,7.0,,
2022-12-07,,3.8,7.0,,
2022-12-08,,3.8,7.0,6.33,5.67
2022-12-09,,3.8,7.0,,
2022-12-12,,3.8,7.0,,
2022-12-13,,3.8,7.0,,
2022-12-14,,3.8,7.0,,
2022-12-15,,4.32,7.5,6.31,5.54
2022-12-16,,4.32,7.5,,
2022-12-19,,4.3,7.5,,
2022-12-20,,4.3,7.5,,
2022-12-21,,4.3,7.5,,
2022-12-22,,4.3,7.5,6.27,5.69
2022-12-23,,4.3,7.5,,
2022-12-27,,4.3,7.5,,
2022-12-28,,4.3,7.5,,
2022-12-29,,4.3,7.5,6.42,5.68
2022-12-30,,4.3,7.5,,
2023-01-01,4.33,,,,
2023-01-03,,4.31,7.5,,
2023-01-04,,4.3,7.5,,
2023-01-05,,4.31,7.5,6.48,5.73
2023-01-06,,4.31,7.5,,
2023-01-09,,4.31,7.5,,
2023-01-10,,4.31,7.5,,
2023-01-11,,4.3,7.5,,
2023-01-12,,4.3,7.5,6.33,5.52
2023-01-13,,4.3,7.5,,
2023-01-17,,4.31,7.5,,
2023-01-18,,4.3,7.5,,
2023-01-19,,4.31,7.5,6.15,5.28
2023-01-20,,4.3,7.5,,
2023-01-23,,4.3,7.5,,
2023-01-24,,4.3,7.5,,
2023-01-25,,4.31,7.5,,
2023-01-26,,4.3,7.5,6.13,5.17
2023-01-27,,4.3,7.5,,
2023-01-30,,4.3,7.5,,
2023-01-31,,4.31,7.5,,
2023-02-01,4.57,4.31,7.5,,
2023-02-02,,4.56,7.75,6.09,5.14
2023-02-03,,4.55,7.75,,
2023-02-06,,4.55,7.75,,
2023-02-07,,4.55,7.75,,
2023-02-08,,4.55,7.75,,
2023-02-09,,4.55,7.75,6.12,5.25
2023-02-10,,4.55,7.75,,
2023-02-13,,4.55,7.75,,
2023-02-14,,4.55,7.75,,
2023-02-15,,4.55,7.75,,
2023-02-16,,4.55,7.75,6.32,5.51
2023-02-17,,4.55,7.75,,
2023-02-21,,4.55,7.75,,
2023-02-22,,4.55,7.75,,
2023-02-23,,4.55,7.75,6.5,5.76
2023-02-24,,4.55,7.75,,
2023-02-27,,4.55,7.75,,
2023-02-28,,4.55,7.75,,
2023-03-01,4.65,4.55,7.75,,
2023-03-02,,4.55,7.75,6.65,5.89
2023-03-03,,4.55,7.75,,
2023-03-06,,4.55,7.75,,
2023-03-07,,4.55,7.75,,
2023-03-08,,4.55,7.75,,
2023-03-09,,4.55,7.75,6.73,5.95
2023-03-10,,4.55,7.75,,
2023-03-13,,4.55,7.75,,
2023-03-14,,4.55,7.75,,
2023-03-15,,4.58,7.75,,
2023-03-16,,4.57,7.75,6.6,5.9
2023-03-17,,4.55,7.75,,
2023-03-20,,4.55,7.75,,
2023-03-21,,4.55,7.75,,
2023-03-22,,4.55,7.75,,
2023-03-23,,4.8,8.0,6.42,5.68
2023-03-24,,4.8,8.0,,
2023-03-27,,4.81,8.0,,
2023-03-28,,4.84,8.0,,
2023-03-29,,4.83,8.0,,
2023-03-30,,4.82,8.0,6.32,5.56
2023-03-31,,4.87,8.0,,
2023-04-01,4.83,,,,
2023-04-03,,4.84,8.0,,
2023-04-04,,4.83,8.0,,
2023-04-05,,4.81,8.0,,
2023-04-06,,4.81,8.0,6.28,5.64
2023-04-07,,,8.0,,
2023-04-10,,4.81,8.0,,
2023-04-11,,4.8,8.0,,
2023-04-12,,4.8,8.0,,
2023-04-13,,4.8,8.0,6.27,5.54
2023-04-14,,4.8,8.0,,
2023-04-17,,4.8,8.0,,
2023-04-18,,4.8,8.0,,
2023-04-19,,4.8,8.0,,
2023-04-20,,4.8,8.0,6.39,5.76
2023-04-21,,4.8,8.0,,
2023-04-24,,4.8,8.0,,
2023-04-25,,4.8,8.0,,
2023-04-26,,4.8,8.0,,
2023-04-27,,4.81,8.0,6.43,5.71
2023-04-28,,4.81,8.0,,
2023-05-01,5.06,4.81,8.0,,
2023-05-02,,4.81,8.0,,
2023-05-03,,4.81,8.0,,
2023-05-04,,5.06,8.25,6.39,5.76
2023-05-05,,5.06,8.25,,
2023-05-08,,5.06,8.25,,
2023-05-09,,5.06,8.25,,
2023-05-10,,5.06,8.25,,
2023-05-11,,5.05,8.25,6.35,5.75
2023-05-12,,5.05,8.25,,
2023-05-15,,5.06,8.25,,
2023-05-16,,5.05,8.25,,
2023-05-17,,5.05,8.25,,
2023-05-18,,5.05,8.25,6.39,5.75
2023-05-19,,5.05,8.25,,
2023-05-22,,5.05,8.25,,
2023-05-23,,5.05,8.25,,
2023-05-24,,5.05,8.25,,
2023-05-25,,5.06,8.25,6.57,5.97
2023-05-26,,5.06,8.25,,
2023-05-30,,5.06,8.25,,
2023-05-31,,5.08,8.25,,
2023-06-01,5.08,5.08,8.25,6.79,6.18
2023-06-02,,5.07,8.25,,
2023-06-05,,5.06,8.25,,
2023-06-06,,5.05,8.25,,
2023-06-07,,5.05,8.25,,
2023-06-08,,5.05,8.25,6.71,6.07
2023-06-09,,5.05,8.25,,
2023-06-12,,5.05,8.25,,
2023-06-13,,5.05,8.25,,
2023-06-14,,5.05,8.25,,
2023-06-15,,5.06,8.25,6.69,6.1
2023-06-16,,5.05,8.25,,
2023-06-20,,5.05,8.25,,
2023-06-21,,5.05,8.25,,
2023-06-22,,5.05,8.25,6.67,6.03
2023-06-23,,5.05,8.25,,
2023-06-26,,5.05,8.25,,
2023-06-27,,5.05,8.25,,
2023-06-28,,5.06,8.25,,
2023-06-29,,5.06,8.25,6.71,6.06
2023-06-30,,5.09,8.25,,
2023-07-01,5.12,,,,
2023-07-03,,5.06,8.25,,
2023-07-05,,5.06,8.25,,
2023-07-06,,5.06,8.25,6.81,6.24
2023-07-07,,5.06,8.25,,
2023-07-10,,5.06,8.25,,
2023-07-11,,5.06,8.25,,
2023-07-12,,5.05,8.25,,
2023-07-13,,5.06,8.25,6.96,6.3
2023-07-14,,5.05,8.25,,
2023-07-17,,5.06,8.25,,
2023-07-18,,5.06,8.25,,
2023-07-19,,5.05,8.25,,
2023-07-20,,5.06,8.25,6.78,6.06
2023-07-21,,5.05,8.25,,
2023-07-24,,5.05,8.25,,
2023-07-25,,5.06,8.25,,
2023-07-26,,5.06,8.25,,
2023-07-27,,5.31,8.5,6.81,6.11
2023-07-28,,5.3,8.5,,
2023-07-31,,5.31,8.5,,
2023-08-01,5.33,5.31,8.5,,
2023-08-02,,5.3,8.5,,
2023-08-03,,5.3,8.5,6.9,6.25
2023-08-04,,5.3,8.5,,
2023-08-07,,5.3,8.5,,
2023-08-08,,5.3,8.5,,
2023-08-09,,5.3,8.5,,
2023-08-10,,5.3,8.5,6.96,6.34
2023-08-11,,5.3,8.5,,
2023-08-14,,5.3,8.5,,
2023-08-15,,5.3,8.5,,
2023-08-16,,5.3,8.5,,
2023-08-17,,5.3,8.5,7.09,6.46
2023-08-18,,5.3,8.5,,
2023-08-21,,5.3,8.5,,
2023-08-22,,5.3,8.5,,
2023-08-23,,5.3,8.5,,
2023-08-24,,5.3,8.5,7.23,6.55
2023-08-25,,5.3,8.5,,
2023-08-28,,5.3,8.5,,
2023-08-29,,5.3,8.5,,
2023-08-30,,5.3,8.5,,
2023-08-31,,5.31,8.5,7.18,6.55
2023-09-01,5.33,5.31,8.5,,
2023-09-05,,5.31,8.5,,
2023-09-06,,5.3,8.5,,
2023-09-07,,5.31,8.5,7.12,6.52
2023-09-08,,5.3,8.5,,
2023-09-11,,5.3,8.5,,
2023-09-12,,5.3,8.5,,
2023-09-13,,5.3,8.5,,
2023-09-14,,5.3,8.5,7.18,6.51
2023-09-15,,5.31,8.5,,
2023-09-18,,5.31,8.5,,
2023-09-19,,5.31,8.5,,
2023-09-20,,5.3,8.5,,
2023-09-21,,5.3,8.5,7.19,6.54
2023-09-22,,5.3,8.5,,
2023-09-25,,5.31,8.5,,
2023-09-26,,5.31,8.5,,
2023-09-27,,5.32,8.5,,
2023-09-28,,5.31,8.5,7.31,6.72
2023-09-29,,5.31,8.5,,
2023-10-01,5.33,,,,
2023-10-02,,5.32,8.5,,
2023-10-03,,5.33,8.5,,
2023-10-04,,5.32,8.5,,
2023-10-05,,5.32,8.5,7.49,6.78
2023-10-06,,5.31,8.5,,
2023-10-09,,,8.5,,
2023-10-10,,5.31,8.5,,
2023-10-11,,5.31,8.5,,
2023-10-12,,5.31,8.5,7.57,6.89
2023-10-13,,5.31,8.5,,
2023-10-16,,5.31,8.5,,
2023-10-17,,5.31,8.5,,
2023-10-18,,5.3,8.5,,
2023-10-19,,5.3,8.5,7.63,6.92
2023-10-20,,5.3,8.5,,
2023-10-23,,5.3,8.5,,
2023-10-24,,5.3,8.5,,
2023-10-25,,5.3,8.5,,
2023-10-26,,5.31,8.5,7.79,7.03
2023-10-27,,5.31,8.5,,
2023-10-30,,5.31,8.5,,
2023-10-31,,5.35,8.5,,
2023-11-01,5.33,5.32,8.5,,
2023-11-02,,5.33,8.5,7.76,7.03
2023-11-03,,5.32,8.5,,
2023-11-06,,5.32,8.5,,
2023-11-07,,5.32,8.5,,
2023-11-08,,5.32,8.5,,
2023-11-09,,5.32,8.5,7.5,6.81
2023-11-10,,5.32,8.5,,
2023-11-13,,5.32,8.5,,
2023-11-14,,5.32,8.5,,
2023-11-15,,5.32,8.5,,
2023-11-16,,5.32,8.5,7.44,6.76
2023-11-17,,5.32,8.5,,
2023-11-20,,5.31,8.5,,
2023-11-21,,5.31,8.5,,
2023-11-22,,5.31,8.5,7.29,6.67
2023-11-23,,,8.5,,
2023-11-24,,5.32,8.5,,
2023-11-27,,5.32,8.5,,
2023-11-28,,5.32,8.5,,
2023-11-29,,5.31,8.5,,
2023-11-30,,5.33,8.5,7.22,6.56
2023-12-01,5.33,5.39,8.5,,
2023-12-04,,5.37,8.5,,
2023-12-05,,5.33,8.5,,
2023-12-06,,5.32,8.5,,
2023-12-07,,5.32,8.5,7.03,6.29
2023-12-08,,5.32,8.5,,
2023-12-11,,5.32,8.5,,
2023-12-12,,5.31,8.5,,
2023-12-13,,5.31,8.5,,
2023-12-14,,5.31,8.5,6.95,6.38
2023-12-15,,5.32,8.5,,
2023-12-18,,5.32,8.5,,
2023-12-19,,5.31,8.5,,
2023-12-20,,5.31,8.5,,
2023-12-21,,5.31,8.5,6.67,5.95
2023-12-22,,5.32,8.5,,
2023-12-25,,,8.5,,
2023-12-26,,5.35,8.5,,
2023-12-27,,5.39,8.5,,
2023-12-28,,5.4,8.5,6.61,5.93
2023-12-29,,5.38,8.5,,
2024-01-01,5.33,,8.5,,
2024-01-02,,5.4,8.5,,
2024-01-03,,5.39,8.5,,
2024-01-04,,5.32,8.5,6.62,5.89
2024-01-05,,5.31,8.5,,
2024-01-08,,5.31,8.5,,
2024-01-09,,5.31,8.5,,
2024-01-10,,5.31,8.5,,
2024-01-11,,5.31,8.5,6.66,5.87
2024-01-12,,5.31,8.5,,
2024-01-15,,,8.5,,
2024-01-16,,5.32,8.5,,
2024-01-17,,5.32,8.5,,
2024-01-18,,5.31,8.5,6.6,5.76
2024-01-19,,5.31,8.5,,
2024-01-22,,5.31,8.5,,
2024-01-23,,5.31,8.5,,
2024-01-24,,5.31,8.5,,
2024-01-25,,5.32,8.5,6.69,5.96
2024-01-26,,5.32,8.5,,
2024-01-29,,5.31,8.5,,
2024-01-30,,5.31,8.5,,
2024-01-31,,5.32,8.5,,
2024-02-01,5.33,5.32,8.5,6.63,5.94
2024-02-02,,5.32,8.5,,
2024-02-05,,5.31,8.5,,
2024-02-06,,5.31,8.5,,
2024-02-07,,5.31,8.5,,
2024-02-08,,5.31,8.5,6.64,5.9
2024-02-09,,5.31,8.5,,
2024-02-12,,5.31,8.5,,
2024-02-13,,5.31,8.5,,
2024-02-14,,5.3,8.5,,
2024-02-15,,5.31,8.5,6.77,6.12
2024-02-16,,5.3,8.5,,
2024-02-19,,,8.5,,
2024-02-20,,5.3,8.5,,
2024-02-21,,5.3,8.5,,
2024-02-22,,5.3,8.5,6.9,6.29
2024-02-23,,5.31,8.5,,
2024-02-26,,5.31,8.5,,
2024-02-27,,5.31,8.5,,
2024-02-28,,5.31,8.5,,
2024-02-29,,5.32,8.5,6.94,6.26
2024-03-01,5.33,5.31,8.5,,
2024-03-04,,5.31,8.5,,
2024-03-05,,5.31,8.5,,
2024-03-06,,5.31,8.5,,
2024-03-07,,5.31,8.5,6.88,6.22
2024-03-08,,5.31,8.5,,
2024-03-11,,5.31,8.5,,
2024-03-12,,5.31,8.5,,
2024-03-13,,5.31,8.5,,
2024-03-14,,5.31,8.5,6.74,6.16
2024-03-15,,5.31,8.5,,
2024-03-18,,5.31,8.5,,
2024-03-19,,5.31,8.5,,
2024-03-20,,5.31,8.5,,
2024-03-21,,5.31,8.5,6.87,6.21
2024-03-22,,5.31,8.5,,
2024-03-25,,5.31,8.5,,
2024-03-26,,5.32,8.5,,
2024-03-27,,5.33,8.5,,
2024-03-28,,5.34,8.5,6.79,6.11
2024-03-29,,,8.5,,
2024-04-01,5.33,5.35,8.5,,
2024-04-02,,5.34,8.5,,
2024-04-03,,5.32,8.5,,
2024-04-04,,5.32,8.5,6.82,6.06
2024-04-05,,5.32,8.5,,
2024-04-08,,5.31,8.5,,
2024-04-09,,5.31,8.5,,
2024-04-10,,5.31,8.5,,
2024-04-11,,5.31,8.5,6.88,6.16
2024-04-12,,5.31,8.5,,
2024-04-15,,5.32,8.5,,
2024-04-16,,5.31,8.5,,
2024-04-17,,5.31,8.5,,
2024-04-18,,5.3,8.5,7.1,6.39
2024-04-19,,5.31,8.5,,
2024-04-22,,5.31,8.5,,
2024-04-23,,5.31,8.5,,
2024-04-24,,5.31,8.5,,
2024-04-25,,5.31,8.5,7.17,6.44
2024-04-26,,5.32,8.5,,
2024-04-29,,5.32,8.5,,
2024-04-30,,5.34,8.5,,
2024-05-01,5.33,5.32,8.5,,
2024-05-02,,5.31,8.5,7.22,6.47
2024-05-03,,5.31,8.5,,
2024-05-06,,5.31,8.5,,
2024-05-07,,5.31,8.5,,
2024-05-08,,5.31,8.5,,
2024-05-09,,5.31,8.5,7.09,6.38
2024-05-10,,5.31,8.5,,
2024-05-13,,5.31,8.5,,
2024-05-14,,5.31,8.5,,
2024-05-15,,5.31,8.5,,
2024-05-16,,5.31,8.5,7.02,6.28
2024-05-17,,5.31,8.5,,
2024-05-20,,5.31,8.5,,
2024-05-21,,5.31,8.5,,
2024-05-22,,5.31,8.5,,
2024-05-23,,5.31,8.5,6.94,6.24
2024-05-24,,5.32,8.5,,
2024-05-27,,,8.5,,
2024-05-28,,5.32,8.5,,
2024-05-29,,5.33,8.5,,
2024-05-30,,5.33,8.5,7.03,6.36
2024-05-31,,5.34,8.5,,
2024-06-01,5.33,,,,
2024-06-03,,5.35,8.5,,
2024-06-04,,5.33,8.5,,
2024-06-05,,5.33,8.5,,
2024-06-06,,5.33,8.5,6.99,6.29
2024-06-07,,5.33,8.5,,
2024-06-10,,5.32,8.5,,
2024-06-11,,5.32,8.5,,
2024-06-12,,5.31,8.5,,
2024-06-13,,5.31,8.5,6.95,6.17
2024-06-14,,5.31,8.5,,
2024-06-17,,5.33,8.5,,
2024-06-18,,5.33,8.5,,
2024-06-19,,,8.5,,
2024-06-20,,5.32,8.5,6.87,6.13
2024-06-21,,5.31,8.5,,
2024-06-24,,5.31,8.5,,
2024-06-25,,5.33,8.5,,
2024-06-26,,5.34,8.5,,
2024-06-27,,5.34,8.5,6.86,6.16
2024-06-28,,5.33,8.5,,
2024-07-01,5.33,5.4,8.5,,
2024-07-02,,5.35,8.5,,
2024-07-03,,5.33,8.5,6.95,6.25
2024-07-05,,5.32,8.5,,
2024-07-08,,5.32,8.5,,
2024-07-09,,5.34,8.5,,
2024-07-10,,5.34,8.5,,
2024-07-11,,5.34,8.5,6.89,6.17
2024-07-12,,5.34,8.5,,
2024-07-15,,5.34,8.5,,
2024-07-16,,5.35,8.5,,
2024-07-17,,5.35,8.5,,
2024-07-18,,5.34,8.5,6.77,6.05
2024-07-19,,5.34,8.5,,
2024-07-22,,5.33,8.5,,
2024-07-23,,5.34,8.5,,
2024-07-24,,5.34,8.5,,
2024-07-25,,5.35,8.5,6.78,6.07
2024-07-26,,5.35,8.5,,
2024-07-29,,5.33,8.5,,
2024-07-30,,5.33,8.5,,
2024-07-31,,5.38,8.5,,
2024-08-01,5.33,5.35,8.5,6.73,5.99
2024-08-02,,5.35,8.5,,
2024-08-05,,5.32,8.5,,
2024-08-06,,5.33,8.5,,
2024-08-07,,5.33,8.5,,
2024-08-08,,5.34,8.5,6.47,5.63
2024-08-09,,5.34,8.5,,
2024-08-12,,5.34,8.5,,
2024-08-13,,5.34,8.5,,
2024-08-14,,5.33,8.5,,
2024-08-15,,5.35,8.5,6.49,5.66
2024-08-16,,5.32,8.5,,
2024-08-19,,5.32,8.5,,
2024-08-20,,5.32,8.5,,
2024-08-21,,5.31,8.5,,
2024-08-22,,5.31,8.5,6.46,5.62
2024-08-23,,5.33,8.5,,
2024-08-26,,5.34,8.5,,
2024-08-27,,5.35,8.5,,
2024-08-28,,5.35,8.5,,
2024-08-29,,5.33,8.5,6.35,5.51
2024-08-30,,5.32,8.5,,
2024-09-01,5.13,,,,
2024-09-03,,5.34,8.5,,
2024-09-04,,5.35,8.5,,
2024-09-05,,5.35,8.5,6.35,5.47
2024-09-06,,5.34,8.5,,
2024-09-09,,5.34,8.5,,
2024-09-10,,5.33,8.5,,
2024-09-11,,5.32,8.5,,
2024-09-12,,5.33,8.5,6.2,5.27
2024-09-13,,5.33,8.5,,
2024-09-16,,5.38,8.5,,
2024-09-17,,5.38,8.5,,
2024-09-18,,5.33,8.5,,
2024-09-19,,4.82,8.0,6.09,5.15
2024-09-20,,4.83,8.0,,
2024-09-23,,4.83,8.0,,
2024-09-24,,4.84,8.0,,
2024-09-25,,4.84,8.0,,
2024-09-26,,4.83,8.0,6.08,5.16
2024-09-27,,4.84,8.0,,
2024-09-30,,4.96,8.0,,
2024-10-01,4.83,5.05,8.0,,
2024-10-02,,4.92,8.0,,
2024-10-03,,4.85,8.0,6.12,5.25
2024-10-04,,4.83,8.0,,
2024-10-07,,4.83,8.0,,
2024-10-08,,4.84,8.0,,
2024-10-09,,4.83,8.0,,
2024-10-10,,4.82,8.0,6.32,5.41
2024-10-11,,4.81,8.0,,
2024-10-14,,,8.0,,
2024-10-15,,4.86,8.0,,
2024-10-16,,4.86,8.0,,
2024-10-17,,4.85,8.0,6.44,5.63
2024-10-18,,4.84,8.0,,
2024-10-21,,4.82,8.0,,
2024-10-22,,4.83,8.0,,
2024-10-23,,4.83,8.0,,
2024-10-24,,4.83,8.0,6.54,5.71
2024-10-25,,4.83,8.0,,
2024-10-28,,4.82,8.0,,
2024-10-29,,4.82,8.0,,
2024-10-30,,4.81,8.0,,
2024-10-31,,4.9,8.0,6.72,5.99
2024-11-01,4.64,4.86,8.0,,
2024-11-04,,4.82,8.0,,
2024-11-05,,4.82,8.0,,
2024-11-06,,4.81,8.0,,
2024-11-07,,4.82,8.0,6.79,6.0
2024-11-08,,4.6,7.75,,
2024-11-11,,,7.75,,
2024-11-12,,4.6,7.75,,
2024-11-13,,4.59,7.75,,
2024-11-14,,4.58,7.75,6.78,5.99
2024-11-15,,4.57,7.75,,
2024-11-18,,4.57,7.75,,
2024-11-19,,4.57,7.75,,
2024-11-20,,4.56,7.75,,
2024-11-21,,4.57,7.75,6.84,6.02
2024-11-22,,4.57,7.75,,
2024-11-25,,4.58,7.75,,
2024-11-26,,4.58,7.75,,
2024-11-27,,4.57,7.75,6.81,6.1
2024-11-29,,4.59,7.75,,
2024-12-01,4.48,,,,
2024-12-02,,4.64,7.75,,
2024-12-03,,4.64,7.75,,
2024-12-04,,4.59,7.75,,
2024-12-05,,4.59,7.75,6.69,5.96
2024-12-06,,4.6,7.75,,
2024-12-09,,4.63,7.75,,
2024-12-10,,4.64,7.75,,
2024-12-11,,4.62,7.75,,
2024-12-12,,4.62,7.75,6.6,5.84
2024-12-13,,4.6,7.75,,
2024-12-16,,4.65,7.75,,
2024-12-17,,4.62,7.75,,
2024-12-18,,4.57,7.75,,
2024-12-19,,4.3,7.5,6.72,5.92
2024-12-20,,4.3,7.5,,
2024-12-23,,4.31,7.5,,
2024-12-24,,4.4,7.5,,
2024-12-25,,,7.5,,
2024-12-26,,4.53,7.5,6.85,6.0
2024-12-27,,4.46,7.5,,
2024-12-30,,4.37,7.5,,
2024-12-31,,4.49,7.5,,
2025-01-01,4.33,,7.5,,
2025-01-02,,4.4,7.5,6.91,6.13
2025-01-03,,4.31,7.5,,
2025-01-06,,4.27,7.5,,
2025-01-07,,4.27,7.5,,
2025-01-08,,4.29,7.5,,
2025-01-09,,4.3,7.5,6.93,6.14
2025-01-10,,4.3,7.5,,
2025-01-13,,4.29,7.5,,
2025-01-14,,4.28,7.5,,
2025-01-15,,4.28,7.5,,
2025-01-16,,4.29,7.5,7.04,6.27
2025-01-17,,4.29,7.5,,
2025-01-20,,,7.5,,
2025-01-21,,4.29,7.5,,
2025-01-22,,4.3,7.5,,
2025-01-23,,4.35,7.5,6.96,6.16
2025-01-24,,4.34,7.5,,
2025-01-27,,4.34,7.5,,
2025-01-28,,4.35,7.5,,
2025-01-29,,4.35,7.5,,
2025-01-30,,4.36,7.5,6.95,6.12
2025-01-31,,4.38,7.5,,
2025-02-01,4.33,,,,
2025-02-03,,4.35,7.5,,
2025-02-04,,4.33,7.5,,
2025-02-05,,4.33,7.5,,
2025-02-06,,4.36,7.5,6.89,6.05
2025-02-07,,4.35,7.5,,
2025-02-10,,4.35,7.5,,
2025-02-11,,4.34,7.5,,
2025-02-12,,4.32,7.5,,
2025-02-13,,4.33,7.5,6.87,6.09
2025-02-14,,4.33,7.5,,
2025-02-18,,4.37,7.5,,
2025-02-19,,4.35,7.5,,
2025-02-20,,4.33,7.5,6.85,6.04
2025-02-21,,4.34,7.5,,
2025-02-24,,4.34,7.5,,
2025-02-25,,4.33,7.5,,
2025-02-26,,4.33,7.5,,
2025-02-27,,4.36,7.5,6.76,5.94
2025-02-28,,4.39,7.5,,
2025-03-01,4.33,,,,
2025-03-03,,4.33,7.5,,
2025-03-04,,4.33,7.5,,
2025-03-05,,4.34,7.5,,
2025-03-06,,4.35,7.5,6.63,5.79
2025-03-07,,4.34,7.5,,
2025-03-10,,4.33,7.5,,
2025-03-11,,4.32,7.5,,
2025-03-12,,4.31,7.5,,
2025-03-13,,4.3,7.5,6.65,5.8
2025-03-14,,4.3,7.5,,
2025-03-17,,4.32,7.5,,
2025-03-18,,4.31,7.5,,
2025-03-19,,4.29,7.5,,
2025-03-20,,4.29,7.5,6.67,5.83
2025-03-21,,4.3,7.5,,
2025-03-24,,4.31,7.5,,
2025-03-25,,4.33,7.5,,
2025-03-26,,4.35,7.5,,
2025-03-27,,4.36,7.5,6.65,5.89
2025-03-28,,4.34,7.5,,
2025-03-31,,4.41,7.5,,
2025-04-01,4.33,4.39,7.5,,
2025-04-02,,4.37,7.5,,
2025-04-03,,4.39,7.5,6.64,5.82
2025-04-04,,4.35,7.5,,
2025-04-07,,4.33,7.5,,
2025-04-08,,4.4,7.5,,
2025-04-09,,4.42,7.5,,
2025-04-10,,4.37,7.5,6.62,5.82
2025-04-11,,4.33,7.5,,
2025-04-14,,4.33,7.5,,
2025-04-15,,4.36,7.5,,
2025-04-16,,4.31,7.5,,
2025-04-17,,4.32,7.5,6.83,6.03
2025-04-18,,,7.5,,
2025-04-21,,4.32,7.5,,
2025-04-22,,4.3,7.5,,
2025-04-23,,4.28,7.5,,
2025-04-24,,4.29,7.5,6.81,5.94
2025-04-25,,4.33,7.5,,
2025-04-28,,4.36,7.5,,
2025-04-29,,4.36,7.5,,
2025-04-30,,4.41,7.5,,
2025-05-01,4.33,4.39,7.5,6.76,5.92
2025-05-02,,4.36,7.5,,
2025-05-05,,4.33,7.5,,
2025-05-06,,4.32,7.5,,
2025-05-07,,4.3,7.5,,
2025-05-08,,4.29,7.5,6.76,5.89
2025-05-09,,4.28,7.5,,
2025-05-12,,4.28,7.5,,
2025-05-13,,4.3,7.5,,
2025-05-14,,4.29,7.5,,
2025-05-15,,4.31,7.5,6.81,5.92
2025-05-16,,4.3,7.5,,
2025-05-19,,4.29,7.5,,
2025-05-20,,4.27,7.5,,
2025-05-21,,4.26,7.5,,
2025-05-22,,4.26,7.5,6.86,6.01
2025-05-23,,4.26,7.5,,
2025-05-27,,4.31,7.5,,
2025-05-28,,4.33,7.5,,
2025-05-29,,4.33,7.5,6.89,6.03
2025-05-30,,4.35,7.5,,
2025-06-01,4.33,,,,
2025-06-02,,4.35,7.5,,
2025-06-03,,4.32,7.5,,
2025-06-04,,4.28,7.5,,
2025-06-05,,4.29,7.5,6.85,5.99
2025-06-06,,4.29,7.5,,
2025-06-09,,4.29,7.5,,
2025-06-10,,4.28,7.5,,
2025-06-11,,4.28,7.5,,
2025-06-12,,4.28,7.5,6.84,5.97
2025-06-13,,4.28,7.5,,
2025-06-16,,4.32,7.5,,
2025-06-17,,4.31,7.5,,
2025-06-18,,4.28,7.5,6.81,5.96
2025-06-20,,4.29,7.5,,
2025-06-23,,4.29,7.5,,
2025-06-24,,4.3,7.5,,
2025-06-25,,4.36,7.5,,
2025-06-26,,4.4,7.5,6.77,5.89
2025-06-27,,4.39,7.5,,
2025-06-30,,4.45,7.5,,
2025-07-01,4.33,4.44,7.5,,
2025-07-02,,4.4,7.5,,
2025-07-03,,4.35,7.5,6.67,5.8
2025-07-07,,4.33,7.5,,
2025-07-08,,4.34,7.5,,
2025-07-09,,4.32,7.5,,
2025-07-10,,4.31,7.5,6.72,5.86
2025-07-11,,4.31,7.5,,
2025-07-14,,4.33,7.5,,
2025-07-15,,4.37,7.5,,
2025-07-16,,4.34,7.5,,
2025-07-17,,4.34,7.5,6.75,5.92
2025-07-18,,4.3,7.5,,
2025-07-21,,4.28,7.5,,
2025-07-22,,4.28,7.5,,
2025-07-23,,4.28,7.5,,
2025-07-24,,4.3,7.5,6.74,5.87
2025-07-25,,4.36,7.5,,
2025-07-28,,4.36,7.5,,
2025-07-29,,4.36,7.5,,
2025-07-30,,4.32,7.5,,
2025-07-31,,4.39,7.5,6.72,5.85
2025-08-01,4.33,4.34,7.5,,
2025-08-04,,4.33,7.5,,
2025-08-05,,4.34,7.5,,
2025-08-06,,4.34,7.5,,
2025-08-07,,4.35,7.5,6.63,5.75
2025-08-08,,4.35,7.5,,
2025-08-11,,4.34,7.5,,
2025-08-12,,4.36,7.5,,
2025-08-13,,4.33,7.5,,
2025-08-14,,4.34,7.5,6.58,5.71
2025-08-15,,4.36,7.5,,
2025-08-18,,4.34,7.5,,
2025-08-19,,4.33,7.5,,
2025-08-20,,4.31,7.5,,
2025-08-21,,4.32,7.5,6.58,5.69
2025-08-22,,4.36,7.5,,
2025-08-25,,4.37,7.5,,
2025-08-26,,4.38,7.5,,
2025-08-27,,4.36,7.5,,
2025-08-28,,4.34,7.5,6.56,5.69
2025-08-29,,4.34,7.5,,
2025-09-01,4.22,,,,
2025-09-02,,4.39,7.5,,
2025-09-03,,4.39,7.5,,
2025-09-04,,4.41,7.5,6.5,5.6
2025-09-05,,4.42,7.5,,
2025-09-08,,4.4,7.5,,
2025-09-09,,4.4,7.5,,
2025-09-10,,4.39,7.5,,
2025-09-11,,4.41,7.5,6.35,5.5
2025-09-12,,4.42,7.5,,
2025-09-15,,4.51,7.5,,
2025-09-16,,4.39,7.5,,
2025-09-17,,4.38,7.25,,
2025-09-18,,4.14,7.25,6.26,5.41
2025-09-19,,4.14,7.25,,
2025-09-22,,4.14,7.25,,
2025-09-23,,4.12,7.25,,
2025-09-24,,4.13,7.25,,
2025-09-25,,4.18,7.25,6.3,5.49
2025-09-26,,4.16,7.25,,
2025-09-29,,4.13,7.25,,
2025-09-30,,4.24,7.25,,
2025-10-01,4.09,4.2,7.25,,
2025-10-02,,4.2,7.25,6.34,5.55
2025-10-03,,4.18,7.25,,
2025-10-06,,4.15,7.25,,
2025-10-07,,4.14,7.25,,
2025-10-08,,4.12,7.25,,
2025-10-09,,4.13,7.25,6.3,5.53
2025-10-10,,4.15,7.25,,
2025-10-13,,,7.25,,
2025-10-14,,4.19,7.25,,
2025-10-15,,4.29,7.25,,
2025-10-16,,4.3,7.25,6.27,5.52
2025-10-17,,4.18,7.25,,
2025-10-20,,4.16,7.25,,
2025-10-21,,4.23,7.25,,
2025-10-22,,4.21,7.25,,
2025-10-23,,4.24,7.25,6.19,5.44
2025-10-24,,4.24,7.25,,
2025-10-27,,4.27,7.25,,
2025-10-28,,4.31,7.25,,
2025-10-29,,4.27,7.25,,
2025-10-30,,4.04,7.0,6.17,5.41
2025-10-31,,4.22,7.0,,
2025-11-01,3.88,,,,
2025-11-03,,4.13,7.0,,
2025-11-04,,4.0,7.0,,
2025-11-05,,3.91,7.0,,
2025-11-06,,3.92,7.0,6.22,5.5
2025-11-07,,3.93,7.0,,
2025-11-10,,3.95,7.0,,
2025-11-11,,,7.0,,
2025-11-12,,3.98,7.0,,
2025-11-13,,4.0,7.0,6.24,5.49
2025-11-14,,3.95,7.0,,
2025-11-17,,4.0,7.0,,
2025-11-18,,3.94,7.0,,
2025-11-19,,3.91,7.0,,
2025-11-20,,3.91,7.0,6.26,5.54
2025-11-21,,3.93,7.0,,
2025-11-24,,3.96,7.0,,
2025-11-25,,4.01,7.0,,
2025-11-26,,4.05,7.0,6.23,5.51
2025-11-28,,4.12,7.0,,
2025-12-01,3.72,4.12,7.0,,
2025-12-02,,4.01,7.0,,
2025-12-03,,3.95,7.0,,
2025-12-04,,3.92,7.0,6.19,5.44
2025-12-05,,3.93,7.0,,
2025-12-08,,3.95,7.0,,
2025-12-09,,3.93,7.0,,
2025-12-10,,3.9,7.0,,
2025-12-11,,3.66,6.75,6.22,5.54
2025-12-12,,3.67,6.75,,
2025-12-15,,3.75,6.75,,
2025-12-16,,3.69,6.75,,
2025-12-17,,3.69,6.75,,
2025-12-18,,3.66,6.75,6.21,5.47
2025-12-19,,3.66,6.75,,
2025-12-22,,3.68,6.75,,
2025-12-23,,3.66,6.75,,
2025-12-24,,3.66,6.75,6.18,5.5
2025-12-25,,,6.75,,
2025-12-26,,3.76,6.75,,
2025-12-29,,3.77,6.75,,
2025-12-30,,3.71,6.75,,
2025-12-31,,3.87,6.75,6.15,5.44
2026-01-01,3.64,,,,
2026-01-02,,3.75,6.75,,
2026-01-05,,3.7,6.75,,
2026-01-06,,3.66,6.75,,
2026-01-07,,3.65,6.75,,
2026-01-08,,3.64,6.75,6.16,5.46
2026-01-09,,3.64,6.75,,
2026-01-12,,3.64,6.75,,
2026-01-13,,3.65,6.75,,
2026-01-14,,3.64,6.75,,
2026-01-15,,3.66,6.75,6.06,5.38
2026-01-16,,3.65,6.75,,
2026-01-19,,,6.75,,
2026-01-20,,3.64,6.75,,
2026-01-21,,3.63,6.75,,
2026-01-22,,3.64,6.75,6.09,5.44
2026-01-23,,3.65,6.75,,
2026-01-26,,3.66,6.75,,
2026-01-27,,3.66,6.75,,
2026-01-28,,3.64,6.75,,
2026-01-29,,3.65,6.75,6.1,5.49
2026-01-30,,3.68,6.75,,
2026-02-01,3.64,,,,
2026-02-02,,3.69,6.75,,
2026-02-03,,3.69,6.75,,
2026-02-04,,3.65,6.75,,
2026-02-05,,3.65,6.75,6.11,5.5
2026-02-06,,3.64,6.75,,
2026-02-09,,3.63,6.75,,
2026-02-10,,3.65,6.75,,
2026-02-11,,3.65,6.75,,
2026-02-12,,3.65,6.75,6.09,5.44
2026-02-13,,3.66,6.75,,
2026-02-16,,,6.75,,
2026-02-17,,3.71,6.75,,
2026-02-18,,3.73,6.75,,
2026-02-19,,3.67,6.75,6.01,5.35
2026-02-20,,3.66,6.75,,
2026-02-23,,3.66,6.75,,
2026-02-24,,3.67,6.75,,
2026-02-25,,3.67,6.75,,
2026-02-26,,3.67,6.75,5.98,5.44
2026-02-27,,3.68,6.75,,
2026-03-01,3.64,,,,
2026-03-02,,3.71,6.75,,
2026-03-03,,3.7,6.75,,
2026-03-04,,3.67,6.75,,
2026-03-05,,3.66,6.75,6.0,5.43
2026-03-06,,3.65,6.75,,
2026-03-09,,3.65,6.75,,
2026-03-10,,3.64,6.75,,
2026-03-11,,3.64,6.75,,
2026-03-12,,3.65,6.75,6.11,5.5
2026-03-13,,3.65,6.75,,
2026-03-16,,3.7,6.75,,
2026-03-17,,3.65,6.75,,
2026-03-18,,3.62,6.75,,
2026-03-19,,3.62,6.75,6.22,5.54
2026-03-20,,3.62,6.75,,
2026-03-23,,3.62,6.75,,
2026-03-24,,3.63,6.75,,
2026-03-25,,3.64,6.75,,
2026-03-26,,3.65,6.75,6.38,5.75
2026-03-27,,3.63,6.75,,
2026-03-30,,3.63,6.75,,
2026-03-31,,3.68,6.75,,
2026-04-01,3.64,3.65,6.75,,
2026-04-02,,3.66,6.75,6.46,5.77
2026-04-03,,,6.75,,
2026-04-06,,3.65,6.75,,
2026-04-07,,3.62,6.75,,
2026-04-08,,3.59,6.75,,
2026-04-09,,3.57,6.75,6.37,5.74
2026-04-10,,3.61,6.75,,
2026-04-13,,3.63,6.75,,
2026-04-14,,3.66,6.75,,
2026-04-15,,3.72,6.75,,
2026-04-16,,3.67,6.75,6.3,5.65
2026-04-17,,3.65,6.75,,
2026-04-20,,3.63,6.75,,
2026-04-21,,3.63,6.75,,
2026-04-22,,3.64,6.75,,
2026-04-23,,3.65,6.75,6.23,5.58
2026-04-24,,3.66,6.75,,
2026-04-27,,3.66,6.75,,
2026-04-28,,3.64,6.75,,
2026-04-29,,3.63,6.75,,
2026-04-30,,3.66,6.75,6.3,5.64
2026-05-01,3.63,3.64,6.75,,
2026-05-04,,3.63,6.75,,
2026-05-05,,3.62,6.75,,
2026-05-06,,3.61,6.75,,
2026-05-07,,3.6,6.75,6.37,5.72
2026-05-08,,3.6,6.75,,
2026-05-11,,3.6,6.75,,
2026-05-12,,3.6,6.75,,
2026-05-13,,3.59,6.75,,
2026-05-14,,3.56,6.75,6.36,5.71
2026-05-15,,3.55,6.75,,
2026-05-18,,3.53,6.75,,
2026-05-19,,3.51,6.75,,
2026-05-20,,3.5,6.75,,
2026-05-21,,3.51,6.75,6.51,5.85
2026-05-22,,3.55,6.75,,
2026-05-25,,,6.75,,
2026-05-26,,3.63,6.75,,
2026-05-27,,3.63,6.75,,
2026-05-28,,3.62,6.75,6.53,5.87
2026-05-29,,3.63,6.75,,
2026-06-01,,3.65,6.75,,
2026-06-02,,3.63,6.75,,
2026-06-03,,3.61,6.75,,
2026-06-04,,3.62,6.75,6.48,5.79
2026-06-05,,3.63,6.75,,
2026-06-08,,3.63,6.75,,
2026-06-09,,3.6,6.75,,
2026-06-10,,3.59,6.75,,
2026-06-11,,3.6,6.75,6.52,5.84
2026-06-12,,3.65,6.75,,
2026-06-15,,3.69,6.75,,
2026-06-16,,3.63,6.75,,
2026-06-17,,3.63,,,
2026-06-18,,3.62,,6.47,5.81
