date,EURIBOR 3 mois,EURIBOR 6 mois,EUR/USD mensuel,EUR/GBP mensuel,EUR/JPY mensuel
2010-01,0.67975,0.97725,1.42721,0.88305,130.339
2010-02,0.6617,0.96455,1.36857,0.8760425,123.4555
2010-03,0.6449565,0.9524348,1.356852173913,0.901602173913,123.0282608695652
2010-04,0.6447,0.9552,1.34057,0.874555,125.3255
2010-05,0.6865238,0.9822381,1.2565333333333,0.8571442857143,115.8271428571429
2010-06,0.7275909,1.0117727,1.22085,0.8277068181818,110.9936363636364
2010-07,0.8488182,1.1042273,1.277,0.8356568181818,111.7286363636364
2010-08,0.8955,1.1471818,1.2894181818182,0.8236318181818,110.0409090909091
2010-09,0.8805,1.1372727,1.3067,0.8398659090909,110.2554545454545
2010-10,0.9976667,1.2239048,1.389780952381,0.8763761904762,113.6714285714286
2010-11,1.0420455,1.2690455,1.3660954545455,0.8550954545455,112.6863636363636
2010-12,1.0216957,1.2506957,1.3220130434783,0.8481282608696,110.1095652173913
2011-01,1.0172381,1.2535714,1.3359666666667,0.8471171428571,110.3809523809524
2011-02,1.08675,1.35225,1.364895,0.8463545,112.768
2011-03,1.1755217,1.4832609,1.3999173913043,0.8665326086957,114.3973913043479
2011-04,1.3212105,1.6213684,1.4441789473684,0.8829131578947,120.4152631578947
2011-05,1.4250909,1.7068182,1.4348636363636,0.8778772727273,116.4672727272727
2011-06,1.4885909,1.7492727,1.4388409090909,0.8874477272727,115.7504545454545
2011-07,1.597619,1.8182381,1.4264285714286,0.8847595238095,113.2623809523809
2011-08,1.552087,1.7547826,1.4343217391304,0.8766847826087,110.4321739130435
2011-09,1.5364545,1.7359545,1.377,0.8717227272727,105.7504545454545
2011-10,1.5758571,1.7760952,1.3706333333333,0.8703595238095,105.0609523809524
2011-11,1.4846818,1.7064545,1.3555727272727,0.8573954545455,105.0204545454546
2011-12,1.4260952,1.6707143,1.3179047619048,0.8440547619048,102.5471428571428
2012-01,1.2222273,1.5047273,1.2904863636364,0.8321018181818,99.3263636363637
2012-02,1.0482857,1.345381,1.3224095238095,0.8369595238095,103.7666666666667
2012-03,0.8584545,1.1636818,1.3201,0.8344818181818,108.8763636363636
2012-04,0.7443158,1.0402105,1.3161736842105,0.8218842105263,107.0010526315789
2012-05,0.6849091,0.9703636,1.2788909090909,0.8037077272727,101.9704545454545
2012-06,0.6588571,0.9345238,1.2526285714286,0.8057928571429,99.2604761904762
2012-07,0.4970455,0.7794091,1.2288454545455,0.7882659090909,97.0672727272727
2012-08,0.3323913,0.606087,1.2399956521739,0.7888365217391,97.5786956521739
2012-09,0.2463,0.4839,1.28557,0.798211,100.493
2012-10,0.207913,0.4118261,1.2974173913043,0.806652173913,102.4739130434783
2012-11,0.192,0.3604091,1.2827727272727,0.8038886363636,103.935
2012-12,0.1854737,0.3238333,1.3119368421053,0.8123684210526,109.7052631578948
2013-01,0.2049091,0.3442727,1.3288045454545,0.8327090909091,118.3431818181818
2013-02,0.22335,0.36185,1.335905,0.8624975,124.4005
2013-03,0.20605,0.3288,1.29636,0.859955,122.9865
2013-04,0.2089048,0.3242857,1.3026,0.8507571428571,127.5433333333334
2013-05,0.2012273,0.2994545,1.2982045454545,0.8491431818182,131.1268181818182
2013-06,0.21025,0.32085,1.318875,0.85191,128.395
2013-07,0.2214348,0.3358261,1.3080130434783,0.8619239130435,130.3939130434782
2013-08,0.2258636,0.3422273,1.33095,0.8590409090909,130.3386363636364
2013-09,0.2232381,0.3400476,1.3347904761905,0.84171,132.4095238095238
2013-10,0.2258261,0.3415217,1.3634956521739,0.847197826087,133.3247826086957
2013-11,0.223381,0.3269048,1.3492904761905,0.8378023809524,134.9728571428572
2013-12,0.2735,0.37055,1.37036,0.8363865,141.679
2014-01,0.2920455,0.396,1.3610227272727,0.8267431818182,141.4672727272727
2014-02,0.2881,0.3866,1.36585,0.825099,139.345
2014-03,0.3053333,0.4069048,1.3822523809524,0.8316976190476,141.48
2014-04,0.32975,0.4299,1.38125,0.825195,141.6185
2014-05,0.3245714,0.4168571,1.3732142857143,0.8153466666667,139.7442857142857
2014-06,0.2414286,0.3331905,1.3592380952381,0.8040904761905,138.7185714285715
2014-07,0.2050435,0.3046087,1.3539173913043,0.7931043478261,137.7230434782608
2014-08,0.1915714,0.2917619,1.3316095238095,0.797300952381,137.1066666666667
2014-09,0.0970909,0.1996818,1.2901363636364,0.7911318181818,138.3904545454546
2014-10,0.0826087,0.1836522,1.2672739130435,0.7886086956522,136.8452173913043
2014-11,0.0809,0.18175,1.24722,0.790535,145.029
2014-12,0.0809048,0.1764762,1.2331333333333,0.7883,147.0585714285714
2015-01,0.0626667,0.1522857,1.1621333333333,0.7667976190476,137.47
2015-02,0.0482,0.12585,1.134965,0.7405075,134.686
2015-03,0.0271818,0.0968636,1.0837681818182,0.7235840909091,130.4095454545455
2015-04,0.0047,0.0728,1.07793,0.7211575,128.935
2015-05,-0.0103684,0.0570526,1.114955,0.7212415,134.748
2015-06,-0.0139091,0.0491818,1.1213227272727,0.7207795454545,138.7395454545454
2015-07,-0.0187391,0.0487391,1.0995782608696,0.70685,135.6813043478261
2015-08,-0.0276667,0.0439048,1.1139047619048,0.7142323809524,137.1238095238095
2015-09,-0.0370455,0.0352727,1.1221181818182,0.7312886363636,134.8509090909091
2015-10,-0.0535909,0.0196818,1.1235090909091,0.7328704545455,134.8390909090909
2015-11,-0.087619,-0.0154286,1.0736,0.7065761904762,131.5971428571428
2015-12,-0.1263182,-0.0397727,1.0877181818182,0.7259522727273,132.3577272727273
2016-01,-0.14615,-0.0608,1.085965,0.754586,128.3235
2016-02,-0.1835714,-0.1152857,1.1092952380952,0.7755852380952,127.3461904761905
2016-03,-0.2285238,-0.1335714,1.1099666666667,0.780200952381,125.3852380952381
2016-04,-0.2491905,-0.1379524,1.133919047619,0.7922957142857,124.2871428571428
2016-05,-0.2571818,-0.1445,1.1311090909091,0.7777913636364,123.2136363636364
2016-06,-0.2679091,-0.1624091,1.1228909090909,0.7904936363636,118.4531818181818
2016-07,-0.2945238,-0.1881905,1.1068523809524,0.8410576190476,115.25
2016-08,-0.2982174,-0.1886522,1.1211739130435,0.8552086956522,113.4873913043478
2016-09,-0.3016364,-0.1991364,1.1212090909091,0.8522768181818,114.2181818181818
2016-10,-0.309,-0.2070952,1.1026047619048,0.8938995238095,114.4733333333333
2016-11,-0.3126818,-0.2148182,1.0798954545455,0.8689431818182,116.9327272727273
2016-12,-0.3157619,-0.2179048,1.0542904761905,0.8444142857143,122.3947619047619
2017-01,-0.3255455,-0.2355455,1.0614409090909,0.8610040909091,122.1359090909091
2017-02,-0.3286,-0.24055,1.064265,0.8527305,120.168
2017-03,-0.3293478,-0.2407391,1.0684695652174,0.8656034782609,120.6760869565217
2017-04,-0.3303889,-0.2455,1.0722666666667,0.848235,118.2944444444445
2017-05,-0.3294545,-0.2508636,1.10575,0.8555431818182,124.0931818181818
2017-06,-0.33,-0.2668182,1.1229454545455,0.8772381818182,124.5845454545455
2017-07,-0.3304286,-0.272619,1.1511142857143,0.8861733333333,129.4819047619048
2017-08,-0.329087,-0.2716522,1.1806739130435,0.9112073913043,129.7034782608696
2017-09,-0.329381,-0.272619,1.1914571428571,0.894700952381,131.9238095238095
2017-10,-0.3295455,-0.2739091,1.1755863636364,0.8907140909091,132.7631818181818
2017-11,-0.329,-0.2742727,1.1738,0.887945,132.3918181818182
2017-12,-0.3278947,-0.2713684,1.1836210526316,0.8826489473684,133.6384210526316
2018-01,-0.3284545,-0.2741818,1.21995,0.8833113636364,135.2545454545455
2018-02,-0.3285,-0.2749,1.23478,0.883964,133.293
2018-03,-0.3279048,-0.2713333,1.233619047619,0.8828704761905,130.857619047619
2018-04,-0.32845,-0.2702,1.22763,0.8721215,132.1575
2018-05,-0.3252273,-0.27,1.1812227272727,0.8772577272727,129.5722727272727
2018-06,-0.3220476,-0.2685238,1.1678285714286,0.8788604761905,128.5290476190476
2018-07,-0.3207273,-0.2691818,1.1685727272727,0.887255,130.2322727272727
2018-08,-0.319,-0.2667826,1.1548956521739,0.8968686956522,128.2004347826087
2018-09,-0.31885,-0.26825,1.16587,0.892807,130.535
2018-10,-0.3176957,-0.2640435,1.1484043478261,0.8827208695652,129.6165217391305
2018-11,-0.3163636,-0.2565909,1.1366863636364,0.8811813636364,128.7886363636363
2018-12,-0.3118947,-0.2408421,1.1384210526316,0.8977415789474,127.8778947368421
2019-01,-0.308,-0.2363636,1.1416409090909,0.8860295454545,124.3413636363637
2019-02,-0.30845,-0.2318,1.135115,0.872637,125.28
2019-03,-0.3091905,-0.2302381,1.1302476190476,0.8582204761905,125.6738095238095
2019-04,-0.31045,-0.23075,1.123825,0.8617895,125.436
2019-05,-0.3118636,-0.2373636,1.1184590909091,0.8717581818182,122.9481818181818
2019-06,-0.3289,-0.279,1.12934,0.891073,122.0805
2019-07,-0.3648696,-0.3473913,1.1218391304348,0.8994204347826,121.405652173913
2019-08,-0.4076818,-0.4049545,1.1126227272727,0.9155377272727,118.1790909090909
2019-09,-0.4175714,-0.3938571,1.1003904761905,0.8909161904762,118.2419047619048
2019-10,-0.4128696,-0.3615652,1.1052565217391,0.8753856521739,119.5113043478261
2019-11,-0.4012857,-0.337381,1.1050952380952,0.857609047619,120.3376190476191
2019-12,-0.3947,-0.33555,1.111345,0.8473075,121.241
2020-01,-0.3911364,-0.3300909,1.1100363636364,0.8492727272727,121.3627272727273
2020-02,-0.40885,-0.35525,1.0905,0.840946,120.0255
2020-03,-0.4166364,-0.3648636,1.1063409090909,0.8945954545455,118.8972727272727
2020-04,-0.25405,-0.192,1.08619,0.875469,116.97
2020-05,-0.27195,-0.14305,1.090185,0.886853,116.867
2020-06,-0.376,-0.2226818,1.1254590909091,0.8987813636364,121.1204545454546
2020-07,-0.4441304,-0.3461304,1.1463391304348,0.9046669565217,122.3804347826087
2020-08,-0.4797143,-0.4329048,1.1828095238095,0.900809047619,125.4038095238095
2020-09,-0.4913636,-0.4626364,1.1792409090909,0.9094740909091,124.5013636363637
2020-10,-0.5091364,-0.494,1.1775181818182,0.9074113636364,123.8890909090909
2020-11,-0.5208571,-0.509,1.1837904761905,0.8960533333333,123.6095238095238
2020-12,-0.5380909,-0.5186364,1.2169727272727,0.9062440909091,126.2781818181818
2021-01,-0.54715,-0.5285,1.217085,0.892665,126.308
2021-02,-0.5411,-0.5205,1.20979,0.8726825,127.4925
2021-03,-0.539087,-0.516,1.1899086956522,0.858732173913,129.3804347826087
2021-04,-0.53815,-0.5158,1.19791,0.8652685,130.489
2021-05,-0.5400952,-0.513,1.2145904761905,0.8625833333333,132.5690476190476
2021-06,-0.5429091,-0.5149545,1.2047090909091,0.8587204545455,132.6313636363636
2021-07,-0.5448182,-0.5159545,1.1821818181818,0.8561304545455,130.3490909090909
2021-08,-0.5475909,-0.5273636,1.1771818181818,0.8528736363636,129.2840909090909
2021-09,-0.5450455,-0.5224091,1.1770318181818,0.8568331818182,129.6563636363636
2021-10,-0.5498095,-0.5272381,1.1601476190476,0.8469442857143,131.2123809523809
2021-11,-0.5673636,-0.534,1.1414045454545,0.8478636363636,130.1177272727273
2021-12,-0.5819565,-0.5446087,1.1303782608696,0.8487482608696,128.7995652173913
2022-01,-0.5601429,-0.5273333,1.1314476190476,0.8350338095238,130.0090476190476
2022-02,-0.5315,-0.47615,1.13419,0.8378725,130.6565
2022-03,-0.4954348,-0.4176522,1.1018956521739,0.8363826086957,130.7108695652174
2022-04,-0.4478947,-0.3108947,1.0818736842105,0.83655,136.6063157894737
2022-05,-0.3857273,-0.1436364,1.05785,0.849685,136.2409090909091
2022-06,-0.2392273,0.1616818,1.0565818181818,0.8575909090909,141.5686363636364
2022-07,0.036619,0.4664762,1.0178904761905,0.8495528571429,139.1738095238096
2022-08,0.3947391,0.8370435,1.0128434782609,0.8449882608696,136.8547826086957
2022-09,1.0108636,1.5960909,0.9903772727273,0.8746295454545,141.5681818181818
2022-10,1.4276667,1.997381,0.9825666666667,0.8705766666667,144.7252380952381
2022-11,1.8252273,2.3212273,1.0201272727273,0.8689209090909,145.1240909090909
2022-12,2.0634762,2.5603333,1.058880952381,0.8695,142.8223809523809
2023-01,2.3448636,2.8578636,1.0769,0.8821231818182,140.5440909090909
2023-02,2.64035,3.13535,1.07151,0.8855,142.377
2023-03,2.9105652,3.2674348,1.0705826086957,0.8819204347826,143.01
2023-04,3.1794444,3.5156111,1.0967722222222,0.88115,146.5111111111111
2023-05,3.3717273,3.6817727,1.08675,0.870405,148.9254545454546
2023-06,3.5358636,3.8252727,1.0839863636364,0.8586063636364,153.1486363636364
2023-07,3.6718095,3.9424762,1.1058142857143,0.8585561904762,155.9371428571429
2023-08,3.7803043,3.9444783,1.0908869565217,0.8589208695652,157.9621739130435
2023-09,3.8800476,4.0303333,1.068380952381,0.8615842857143,157.7952380952381
2023-10,3.9676364,4.1148182,1.0562545454545,0.8679836363636,158.0377272727273
2023-11,3.9716364,4.0646818,1.0808227272727,0.8704540909091,161.8440909090909
2023-12,3.9348947,3.9269474,1.0903052631579,0.8616826315789,157.2126315789474
2024-01,3.9252727,3.8916818,1.0905136363636,0.8587309090909,159.4581818181818
2024-02,3.9231905,3.9005238,1.0794714285714,0.8546623809524,161.3771428571428
2024-03,3.9231,3.8948,1.08722,0.8552375,162.7725
2024-04,3.8853333,3.8382381,1.0727761904762,0.8565766666667,165.0295238095238
2024-05,3.8126818,3.7866364,1.0812227272727,0.8556404545455,168.5363636363636
2024-06,3.7245,3.7149,1.0759,0.8464315,169.813
2024-07,3.6848261,3.6435652,1.0844086956522,0.843317826087,171.1708695652174
2024-08,3.5475909,3.4249091,1.1012181818182,0.8515036363636,161.0554545454545
2024-09,3.4337143,3.2578095,1.1106,0.8402123809524,159.0809523809524
2024-10,3.1666087,3.0016087,1.0904347826087,0.8349586956522,163.1969565217391
2024-11,3.0067619,2.7875238,1.0630142857143,0.8337876190476,163.2338095238095
2024-12,2.8246,2.63215,1.047875,0.828042,161.0835
2025-01,2.7042727,2.6144091,1.0353727272727,0.8390809090909,161.9213636363637
2025-02,2.52495,2.4596,1.04125,0.83071,158.087
2025-03,2.4424286,2.385381,1.080680952381,0.8370252380952,161.1666666666667
2025-04,2.2494,2.2017,1.121395,0.8537865,161.6705
2025-05,2.0872381,2.1161905,1.1278047619047618,0.8434952380952383,163.1442857142857
2025-06,1.983619,2.0496667,1.1516190476190478,0.8498095238095237,166.5233333333333
2025-07,1.9863478,2.0553478,1.1676869565217392,0.8646869565217391,171.5313043478261
2025-08,2.0210952,2.0844286,1.1631428571428577,0.8652761904761904,171.7895238095238
2025-09,2.0272727,2.1023182,1.1732227272727274,0.8689454545454546,173.54863636363643
2025-10,2.0344348,2.1068261,1.1630434782608696,0.8715521739130435,176.1526086956522
2025-11,2.04165,2.131,1.15602,0.8799649999999998,179.31599999999997
2025-12,2.0484286,2.1394762,1.1708714285714283,0.875,182.49714285714285
2026-01,2.0277273,2.1371429,1.1738238095238096,0.8682809523809522,183.93857142857144
2026-02,2.0113,2.1435,1.182395,0.870315,183.45150000000004
2026-03,2.1094091,2.3219545,1.155831818181818,0.8663109090909092,183.3990909090909
2026-04,2.1753,2.45375,1.17064,0.8693330000000001,186.206
2026-05,2.2261,2.5364,1.16732,0.865648,184.7095
2026-06,2.339,2.5955,1.1518,0.8637199999999999,185.1140909090909
