figi,name,ticker,security_type,security_type2,market_sector,exchange
BBG00Z84G329,VIP PLAY INC COMMON STOCK,VIPZ,Common Stock,Common Stock,Equity,UV
BBG00Z84G2K1,VIP PLAY INC COMMON STOCK,VIPZ,Common Stock,Common Stock,Equity,US
BBG00Z84G310,VIP PLAY INC COMMON STOCK,VIPZ,Common Stock,Common Stock,Equity,PQ
BBG006XWY4G6,8COMMON LTD,8CO,Common Stock,Common Stock,Equity,AT
BBG000F504H4,SCOTIABANK PERU-COMMON,SCOTIAC1,Common Stock,Common Stock,Equity,PE
BBG006XWY4F7,8COMMON LTD,8CO,Common Stock,Common Stock,Equity,AU
BBG006XWY4M9,8COMMON LTD,8CO,Common Stock,Common Stock,Equity,AH
BBG000K3B9B6,PRIMA AFP SA-COMMON,PRIMAC1,Common Stock,Common Stock,Equity,PE
BBG000KYKQS2,LA POSITIVA VIDA -COMMON,POSITVC1,Common Stock,Common Stock,Equity,PE
BBG000G690Q0,INMOBILIARIA ENUR-COMMON A,ENURCA,Common Stock,Common Stock,Equity,CR
BBG000TDRVD7,ENKA DE COLOMBIA-COMMON SH,ENKA,Common Stock,Common Stock,Equity,CX
BBG000LD6R01,TECHNOFARMA SA-COMMON SHRS I,TECNOCI,Common Stock,Common Stock,Equity,CR
BBG000DKY850,SOC MINERA CORONA SA-COMMON,MINCORC1,Common Stock,Common Stock,Equity,PE
BBG000TDRTH8,ENKA DE COLOMBIA-COMMON SH,ENKA,Common Stock,Common Stock,Equity,CB
BBG000RW0C02,STOCK PLUS AD,SW3,Common Stock,Common Stock,Equity,XL
BBG000VCWGK5,STOCK PLUS AD,SW3EUR,Common Stock,Common Stock,Equity,EU
BBG00PQ0X7R4,WARSAW STOCK EXCHANGE,GPW,Common Stock,Common Stock,Equity,EP
BBG00QFYKJN2,STOCK PLUS AD,SW3EUR,Common Stock,Common Stock,Equity,X1
BBG00WH4YZS7,WARSAW STOCK EXCHANGE,GPWEUR,Common Stock,Common Stock,Equity,XH
BBG00WH4Z012,WARSAW STOCK EXCHANGE,GPWEUR,Common Stock,Common Stock,Equity,XO
BBG00WH4Z094,WARSAW STOCK EXCHANGE,GPWEUR,Common Stock,Common Stock,Equity,XU
BBG015WRBTT5,STOCK3 AG,BOG1EUR,Common Stock,Common Stock,Equity,XV
BBG018J3LBK4,WARSAW STOCK EXCHANGE,WSX,Common Stock,Common Stock,Equity,LU
BBG01H49S1C1,BUDAPEST STOCK EXCHANGE,BETHUF,Common Stock,Common Stock,Equity,XF
BBG01H49S1S4,BUDAPEST STOCK EXCHANGE,BETHUF,Common Stock,Common Stock,Equity,XW
BBG001B5M3V8,WARSAW STOCK EXCHANGE,GPWUSD,Common Stock,Common Stock,Equity,EO
BBG006T9DRM7,STOCK PLUS AD,STKPF,Common Stock,Common Stock,Equity,L3
BBG00WH4YZV3,WARSAW STOCK EXCHANGE,GPWEUR,Common Stock,Common Stock,Equity,XF
BBG00Y5280K4,WARSAW STOCK EXCHANGE,GPWEUR,Common Stock,Common Stock,Equity,EP
BBG015WRBT97,STOCK3 AG,BOG1EUR,Common Stock,Common Stock,Equity,XF
BBG015WRBTQ8,STOCK3 AG,BOG1EUR,Common Stock,Common Stock,Equity,XW
BBG01H49S168,BUDAPEST STOCK EXCHANGE,BETHUF,Common Stock,Common Stock,Equity,EO
BBG01H49S1Y7,BUDAPEST STOCK EXCHANGE,BETHUF,Common Stock,Common Stock,Equity,XQ
BBG01LB31J73,BUDAPEST STOCK EXCHANGE,BETHUF,Common Stock,Common Stock,Equity,X9
BBG01M8JP413,STOCK3 AG,BOG,Common Stock,Common Stock,Equity,QT
BBG000VRSS49,STOCK PLUS AD,SW3EUR,Common Stock,Common Stock,Equity,EO
BBG0019GLP49,WARSAW STOCK EXCHANGE,GPW,Common Stock,Common Stock,Equity,EO
BBG00591YNW3,WARSAW STOCK EXCHANGE,GPW,Common Stock,Common Stock,Equity,XV
BBG00WH4Z0G6,WARSAW STOCK EXCHANGE,GPWEUR,Common Stock,Common Stock,Equity,XX
BBG015W850J8,STOCK3 AG,BOG,Common Stock,Common Stock,Equity,GY
BBG015WRBV01,STOCK3 AG,BOG1EUR,Common Stock,Common Stock,Equity,X1
BBG018H9XST4,WARSAW STOCK EXCHANGE,WSX,Common Stock,Common Stock,Equity,LA
BBG01H49S1F8,BUDAPEST STOCK EXCHANGE,BETHUF,Common Stock,Common Stock,Equity,XE
BBG01H49S1J4,BUDAPEST STOCK EXCHANGE,BETHUF,Common Stock,Common Stock,Equity,XG
BBG000RW0G30,STOCK PLUS AD,SW3,Common Stock,Common Stock,Equity,XW
BBG000VRSW68,STOCK PLUS AD,SW3EUR,Common Stock,Common Stock,Equity,E1
BBG00WH4Z058,WARSAW STOCK EXCHANGE,GPWEUR,Common Stock,Common Stock,Equity,XA
BBG00Y055631,WARSAW STOCK EXCHANGE,WSEWF,Common Stock,Common Stock,Equity,PQ
BBG00Y51C6G3,WARSAW STOCK EXCHANGE,WSX,Common Stock,Common Stock,Equity,GZ
BBG015WRBTM2,STOCK3 AG,BOG1EUR,Common Stock,Common Stock,Equity,XA
BBG01H2Y6KL0,BUDAPEST STOCK EXCHANGE,BET,Common Stock,Common Stock,Equity,HB
BBG01H49S195,BUDAPEST STOCK EXCHANGE,BETHUF,Common Stock,Common Stock,Equity,XH
BBG021M0C373,BUDAPEST STOCK EXCHANGE,R0R,Common Stock,Common Stock,Equity,GR
BBG002MY93M6,KAZAKHSTAN STOCK EXCHANGE,KASE,Common Stock,Common Stock,Equity,KZ
BBG004LT5RX3,ZIMBABWE STOCK EXCHANGE,ZSEHL,Common Stock,Common Stock,Equity,ZH
BBG006T7R8N7,WARSAW STOCK EXCHANGE,GPWW,Common Stock,Common Stock,Equity,B3
BBG00JHW2N97,STOCK PLUS AD,0K3F,Common Stock,Common Stock,Equity,LN
BBG00N9ZT1C5,WARSAW STOCK EXCHANGE,GPWPLN,Common Stock,Common Stock,Equity,T2
BBG00QFYQ1G3,WARSAW STOCK EXCHANGE,GPW,Common Stock,Common Stock,Equity,X1
BBG00WH4Z003,WARSAW STOCK EXCHANGE,GPWEUR,Common Stock,Common Stock,Equity,XG
BBG015W850G1,STOCK3 AG,BOG,Common Stock,Common Stock,Equity,GF
BBG015W850L5,STOCK3 AG,BOG,Common Stock,Common Stock,Equity,GM
BBG015W850S8,STOCK3 AG,BOG,Common Stock,Common Stock,Equity,GH
BBG016C4NPP5,STOCK3 AG,BOG,Common Stock,Common Stock,Equity,GZ
BBG01H49S1G7,BUDAPEST STOCK EXCHANGE,BETHUF,Common Stock,Common Stock,Equity,XJ
BBG01H49S1K2,BUDAPEST STOCK EXCHANGE,BETHUF,Common Stock,Common Stock,Equity,XO
BBG000V8LG62,STOCK PLUS AD,STKP,Common Stock,Common Stock,Equity,BU
BBG000VRSWQ6,STOCK PLUS AD,SW3EUR,Common Stock,Common Stock,Equity,XW
BBG00WGGND66,WARSAW STOCK EXCHANGE,WSX,Common Stock,Common Stock,Equity,GD
BBG00WH4Z067,WARSAW STOCK EXCHANGE,GPWEUR,Common Stock,Common Stock,Equity,E1
BBG00WH4Z0F7,WARSAW STOCK EXCHANGE,GPWEUR,Common Stock,Common Stock,Equity,XQ
BBG00Y055640,WARSAW STOCK EXCHANGE,WSEWF,Common Stock,Common Stock,Equity,UV
BBG015W850K6,STOCK3 AG,BOG,Common Stock,Common Stock,Equity,GS
BBG015WRBTD2,STOCK3 AG,BOG1EUR,Common Stock,Common Stock,Equity,XJ
BBG015WRBV38,STOCK3 AG,BOG1EUR,Common Stock,Common Stock,Equity,EU
BBG01H49S220,BUDAPEST STOCK EXCHANGE,BETHUF,Common Stock,Common Stock,Equity,X1
BBG01LS7C8D1,WARSAW STOCK EXCHANGE,GPWW,Common Stock,Common Stock,Equity,T1
BBG01RW018S4,BUDAPEST STOCK EXCHANGE,BETHUF,Common Stock,Common Stock,Equity,EP
BBG0019GLPN8,WARSAW STOCK EXCHANGE,GPW,Common Stock,Common Stock,Equity,XA
BBG00WGGND57,WARSAW STOCK EXCHANGE,WSX,Common Stock,Common Stock,Equity,GF
BBG00WGGND93,WARSAW STOCK EXCHANGE,WSX,Common Stock,Common Stock,Equity,GM
BBG00X71T4M3,MAX STOCK LTD,MAXO,Common Stock,Common Stock,Equity,IT
BBG00ZR5THF6,WARSAW STOCK EXCHANGE,WSX,Common Stock,Common Stock,Equity,QT
BBG00ZVCPSC9,MAX STOCK LTD,MAXFF,Common Stock,Common Stock,Equity,US
BBG015WRBT51,STOCK3 AG,BOG1EUR,Common Stock,Common Stock,Equity,X2
BBG015WRBTH8,STOCK3 AG,BOG1EUR,Common Stock,Common Stock,Equity,XO
BBG018J2SNJ5,STOCK3 AG,BOG,Common Stock,Common Stock,Equity,LU
BBG01H49S202,BUDAPEST STOCK EXCHANGE,BETHUF,Common Stock,Common Stock,Equity,XZ
BBG01S2S2PY8,WARSAW STOCK EXCHANGE,GPWW,Common Stock,Common Stock,Equity,IX
BBG000GP3WM8,WARSAW STOCK EXCHANGE,GPW,Common Stock,Common Stock,Equity,PW
BBG0019GLPP6,WARSAW STOCK EXCHANGE,GPW,Common Stock,Common Stock,Equity,E1
BBG0019GLPV9,WARSAW STOCK EXCHANGE,GPW,Common Stock,Common Stock,Equity,EU
BBG001B5M4F4,WARSAW STOCK EXCHANGE,GPWUSD,Common Stock,Common Stock,Equity,XT
BBG001B5M4G3,WARSAW STOCK EXCHANGE,GPWUSD,Common Stock,Common Stock,Equity,XW
BBG001B5M4J0,WARSAW STOCK EXCHANGE,GPWUSD,Common Stock,Common Stock,Equity,EU
BBG00591YR72,WARSAW STOCK EXCHANGE,GPWUSD,Common Stock,Common Stock,Equity,XV
BBG008GZPYG8,WARSAW STOCK EXCHANGE,GPWW,Common Stock,Common Stock,Equity,PO
BBG008H0K2F0,STOCK PLUS AD,STKPF,Common Stock,Common Stock,Equity,PO
BBG00GDD6TC8,TEHRAN STOCK EXCHANGE,BORS1,Common Stock,Common Stock,Equity,IE
BBG00JN7WCQ7,WARSAW STOCK EXCHANGE,GPWUSD,Common Stock,Common Stock,Equity,XX
BBG007HLPH31,EUR SPREAD DU1 V EONIA,ASWESHTZ,SWAP,SWAP,Curncy,
BBG007PFDSL4,ZAR SWPT STRIKE 1Y1Y,SASVA101,SWAP,FWD SWAP,Curncy,
BBG007PFDV37,ZAR SWPT STRIKE 1Y2Y,SASVA102,SWAP,FWD SWAP,Curncy,
BBG007PFDVM6,ZAR SWPT STRIKE 4Y2Y,SASVA402,SWAP,FWD SWAP,Curncy,
BBG007PFF0L3,ZAR SWPT STRIKE 1Y5Y,SASVA105,SWAP,FWD SWAP,Curncy,
BBG007PFF1G7,ZAR SWPT STRIKE 18M5Y,SASVA1F5,SWAP,FWD SWAP,Curncy,
BBG007PFF1R5,ZAR SWPT STRIKE 3M7Y,SASVAC07,SWAP,FWD SWAP,Curncy,
BBG007PFF275,ZAR SWPT STRIKE 1Y7Y,SASVA107,SWAP,FWD SWAP,Curncy,
BBG007PFF2G5,ZAR SWPT STRIKE 2Y7Y,SASVA207,SWAP,FWD SWAP,Curncy,
BBG007PFF3Y3,ZAR SWPT STRIKE 3M10Y,SASVAC10,SWAP,FWD SWAP,Curncy,
BBG007PFQKQ2,TWD ON SWPT STRK 1M2Y,TRSVAA02,SWAP,FWD SWAP,Curncy,
BBG007PFQL17,TWD ON SWPT STRK 3M3Y,TRSVAC03,SWAP,FWD SWAP,Curncy,
BBG007PFQLM4,TWD ON SWPT STRK 1Y7Y,TRSVA107,SWAP,FWD SWAP,Curncy,
BBG007PFQLV4,TWD ON SWPT STRK 18M7Y,TRSVA1F7,SWAP,FWD SWAP,Curncy,
BBG007PFQM15,TWD ON SWPT STRK 2Y4Y,TRSVA204,SWAP,FWD SWAP,Curncy,
BBG007PFQMH8,TWD ON SWPT STRK 4Y3Y,TRSVA403,SWAP,FWD SWAP,Curncy,
BBG007PFQMM2,TWD ON SWPT STRK 4Y10Y,TRSVA410,SWAP,FWD SWAP,Curncy,
BBG007PFQMW1,TWD ON SWPT STRK 7Y1Y,TRSVA701,SWAP,FWD SWAP,Curncy,
BBG007PFQNB2,TWD ON SWPT STRK 10Y10Y,TRSVAJ10,SWAP,FWD SWAP,Curncy,
BBG007PG5NR6,TRY SWPT STRIKE 1M6Y,TYSVAA06,SWAP,FWD SWAP,Curncy,
BBG007PG5Q80,TRY SWPT STRIKE 6M7Y,TYSVAF07,SWAP,FWD SWAP,Curncy,
BBG007PG5QJ8,TRY SWPT STRIKE 9M5Y,TYSVAI05,SWAP,FWD SWAP,Curncy,
BBG007PG5QQ0,TRY SWPT STRIKE 9M7Y,TYSVAI07,SWAP,FWD SWAP,Curncy,
BBG007PG5R33,TRY SWPT STRIKE 1Y8Y,TYSVA108,SWAP,FWD SWAP,Curncy,
BBG007PG5R42,TRY SWPT STRIKE 1Y9Y,TYSVA109,SWAP,FWD SWAP,Curncy,
BBG007PG5RR7,TRY SWPT STRIKE 2Y5Y,TYSVA205,SWAP,FWD SWAP,Curncy,
BBG007PG5RX0,TRY SWPT STRIKE 2Y10Y,TYSVA210,SWAP,FWD SWAP,Curncy,
BBG007PG5SJ4,TRY SWPT STRIKE 4Y8Y,TYSVA408,SWAP,FWD SWAP,Curncy,
BBG007PG5V98,TRY SWPT STRIKE 8Y1Y,TYSVA801,SWAP,FWD SWAP,Curncy,
BBG007PG5VR8,TRY SWPT STRIKE 10Y6Y,TYSVAJ06,SWAP,FWD SWAP,Curncy,
BBG007PG9680,THB ONSHSWPT STRK 5Y5Y,THSVA505,SWAP,FWD SWAP,Curncy,
BBG007PP07J5,SGD SWPT STRK IBOR 1M2Y,SGSVAA02,SWAP,FWD SWAP,Curncy,
BBG007PP07R6,SGD SWPT STRK IBOR 3M10Y,SGSVAC10,SWAP,FWD SWAP,Curncy,
BBG007PP0803,SGD SWPT STRK IBOR 3M5Y,SGSVAC05,SWAP,FWD SWAP,Curncy,
BBG007PP08X7,SGD SWPT STRK IBOR 4Y2Y,SGSVA402,SWAP,FWD SWAP,Curncy,
BBG007PP0901,SGD SWPT STRK IBOR 4Y3Y,SGSVA403,SWAP,FWD SWAP,Curncy,
BBG007PP0947,SGD SWPT STRK IBOR 5Y7Y,SGSVA507,SWAP,FWD SWAP,Curncy,
BBG007PP2X06,SAR SWPT STRIKE 6M1Y,SRSVAF01,SWAP,FWD SWAP,Curncy,
BBG007PP2X15,SAR SWPT STRIKE 6M2Y,SRSVAF02,SWAP,FWD SWAP,Curncy,
BBG007PP2XJ6,SAR SWPT STRIKE 3M4Y,SRSVAC04,SWAP,FWD SWAP,Curncy,
BBG007PP2YD0,SAR SWPT STRIKE 5Y7Y,SRSVA507,SWAP,FWD SWAP,Curncy,
BBG007PP2ZF5,SAR SWPT STRIKE 2M4Y,SRSVAB04,SWAP,FWD SWAP,Curncy,
BBG007PP2ZG4,SAR SWPT STRIKE 2M3Y,SRSVAB03,SWAP,FWD SWAP,Curncy,
BBG007PP2ZN6,SAR SWPT STRIKE 1M4Y,SRSVAA04,SWAP,FWD SWAP,Curncy,
BBG007PP4NT5,RUB SWPT STRIKE 2M10Y,RRSVAB10,SWAP,FWD SWAP,Curncy,
BBG007PP4P38,RUB SWPT STRIKE 3M8Y,RRSVAC08,SWAP,FWD SWAP,Curncy,
BBG007PP4P65,RUB SWPT STRIKE 6M2Y,RRSVAF02,SWAP,FWD SWAP,Curncy,
BBG007PP4P74,RUB SWPT STRIKE 6M1Y,RRSVAF01,SWAP,FWD SWAP,Curncy,
BBG007PP4PC8,RUB SWPT STRIKE 6M6Y,RRSVAF06,SWAP,FWD SWAP,Curncy,
BBG007PP4PL8,RUB SWPT STRIKE 9M3Y,RRSVAI03,SWAP,FWD SWAP,Curncy,
BBG007PP4Q45,RUB SWPT STRIKE 1Y7Y,RRSVA107,SWAP,FWD SWAP,Curncy,
BBG007PP4QK7,RUB SWPT STRIKE 18M10Y,RRSVA1FJ,SWAP,FWD SWAP,Curncy,
BBG007PP4QN4,RUB SWPT STRIKE 2Y4Y,RRSVA204,SWAP,FWD SWAP,Curncy,
BBG007PP4QQ1,RUB SWPT STRIKE 2Y6Y,RRSVA206,SWAP,FWD SWAP,Curncy,
BBG007PP4RJ7,RUB SWPT STRIKE 4Y7Y,RRSVA407,SWAP,FWD SWAP,Curncy,
BBG007PP4RQ9,RUB SWPT STRIKE 5Y5Y,RRSVA505,SWAP,FWD SWAP,Curncy,
BBG007PP4RR8,RUB SWPT STRIKE 5Y4Y,RRSVA504,SWAP,FWD SWAP,Curncy,
BBG007PP4RT6,RUB SWPT STRIKE 5Y7Y,RRSVA507,SWAP,FWD SWAP,Curncy,
BBG007PP4RV3,RUB SWPT STRIKE 5Y6Y,RRSVA506,SWAP,FWD SWAP,Curncy,
BBG007PP4S78,RUB SWPT STRIKE 6Y9Y,RRSVA609,SWAP,FWD SWAP,Curncy,
BBG007PP4T30,RUB SWPT STRIKE 9Y5Y,RRSVA905,SWAP,FWD SWAP,Curncy,
BBG007PP4T85,RUB SWPT STRIKE 9Y10Y,RRSVA910,SWAP,FWD SWAP,Curncy,
BBG007PP4TD9,RUB SWPT STRIKE 10Y5Y,RRSVAJ05,SWAP,FWD SWAP,Curncy,
BBG007PP4TM9,RUB SWPT STRIKE 15Y10Y,RRSVAO10,SWAP,FWD SWAP,Curncy,
BBG007PP6PH1,PLN SWPT STRIKE 3Y1Y,PZSVA301,SWAP,FWD SWAP,Curncy,
BBG007PP6PN4,PLN SWPT STRIKE 10Y1Y,PZSVAJ01,SWAP,FWD SWAP,Curncy,
BBG007PP6PR0,PLN SWPT STRIKE 6M2Y,PZSVAF02,SWAP,FWD SWAP,Curncy,
BBG007PP6PV5,PLN SWPT STRIKE 18M2Y,PZSVA1F2,SWAP,FWD SWAP,Curncy,
BBG007PP6PZ1,PLN SWPT STRIKE 5Y2Y,PZSVA502,SWAP,FWD SWAP,Curncy,
BBG007PP6Q70,PLN SWPT STRIKE 1Y3Y,PZSVA103,SWAP,FWD SWAP,Curncy,
BBG007PP6QK5,PLN SWPT STRIKE 10Y3Y,PZSVAJ03,SWAP,FWD SWAP,Curncy,
BBG007PP6R23,PLN SWPT STRIKE 1Y5Y,PZSVA105,SWAP,FWD SWAP,Curncy,
BBG007PP6R41,PLN SWPT STRIKE 2Y5Y,PZSVA205,SWAP,FWD SWAP,Curncy,
BBG007PP6S21,PLN SWPT STRIKE 5Y10Y,PZSVA510,SWAP,FWD SWAP,Curncy,
BBG007PP6SY6,PLN SWPT STRIKE 10Y20Y,PZSVAJ20,SWAP,FWD SWAP,Curncy,
BBG007PP9N01,PHP SWPT STRIKE 2M9Y,PPSVAB09,SWAP,FWD SWAP,Curncy,
BBG007PP9N56,PHP SWPT STRIKE 3M3Y,PPSVAC03,SWAP,FWD SWAP,Curncy,
BBG007PP9N92,PHP SWPT STRIKE 3M7Y,PPSVAC07,SWAP,FWD SWAP,Curncy,
BBG007PP9NC8,PHP SWPT STRIKE 3M8Y,PPSVAC08,SWAP,FWD SWAP,Curncy,
BBG007PP9NM7,PHP SWPT STRIKE 6M6Y,PPSVAF06,SWAP,FWD SWAP,Curncy,
BBG007PP9PY9,PHP SWPT STRIKE 2Y4Y,PPSVA204,SWAP,FWD SWAP,Curncy,
BBG007PP9Q95,PHP SWPT STRIKE 3Y4Y,PPSVA304,SWAP,FWD SWAP,Curncy,
BBG007PP9QM0,PHP SWPT STRIKE 4Y5Y,PPSVA405,SWAP,FWD SWAP,Curncy,
BBG007PP9QT3,PHP SWPT STRIKE 4Y9Y,PPSVA409,SWAP,FWD SWAP,Curncy,
BBG007PP9QY7,PHP SWPT STRIKE 5Y2Y,PPSVA502,SWAP,FWD SWAP,Curncy,
BBG007PP9R02,PHP SWPT STRIKE 5Y4Y,PPSVA504,SWAP,FWD SWAP,Curncy,
BBG007PP9S19,PHP SWPT STRIKE 10Y9Y,PPSVAJ09,SWAP,FWD SWAP,Curncy,
BBG007PPDR61,NOK SWPT STRIKE 2Y1Y,NKSVA201,SWAP,FWD SWAP,Curncy,
BBG007PPDRJ7,NOK SWPT STRIKE 25Y1Y,NKSVAY01,SWAP,FWD SWAP,Curncy,
BBG007PPDRS7,NOK SWPT STRIKE 18M2Y,NKSVA1F2,SWAP,FWD SWAP,Curncy,
BBG007PPDRW2,NOK SWPT STRIKE 4Y2Y,NKSVA402,SWAP,FWD SWAP,Curncy,
BBG007PPDS05,NOK SWPT STRIKE 8Y2Y,NKSVA802,SWAP,FWD SWAP,Curncy,
BBG007PPDSH7,NOK SWPT STRIKE 2Y3Y,NKSVA203,SWAP,FWD SWAP,Curncy,
BBG007PPDT58,NOK SWPT STRIKE 18M4Y,NKSVA1F4,SWAP,FWD SWAP,Curncy,
BBG007PPDTY6,NOK SWPT STRIKE 6Y5Y,NKSVA605,SWAP,FWD SWAP,Curncy,
BBG007PPDV35,NOK SWPT STRIKE 10Y5Y,NKSVAJ05,SWAP,FWD SWAP,Curncy,
BBG007PPDVB6,NOK SWPT STRIKE 2M6Y,NKSVAB06,SWAP,FWD SWAP,Curncy,
BBG007PPDW15,NOK SWPT STRIKE 1Y7Y,NKSVA107,SWAP,FWD SWAP,Curncy,
BBG007PPDW79,NOK SWPT STRIKE 6Y7Y,NKSVA607,SWAP,FWD SWAP,Curncy,
BBG007PPDWB4,NOK SWPT STRIKE 9Y7Y,NKSVA907,SWAP,FWD SWAP,Curncy,
